Gene Symbol,Subject_SampleSize_ANOVA_MLM_DF,Measurements_SampleSize_ANOVA_MLM_DF,DF_Diagnosis_ANOVA_MLM_DF,DF_AllOtherSubjectVar (7 covariates + intercept)_ANOVA_MLM_DF,DF_Card (# of Cards-1)_ANOVA_MLM_DF,(Intercept)_ANOVA_MLM_ChiSquareStat,Diagnosis_ANOVA_MLM_ChiSquareStat,Age_ANOVA_MLM_ChiSquareStat,Gender_ANOVA_MLM_ChiSquareStat,pH_ANOVA_MLM_ChiSquareStat,PMI_ANOVA_MLM_ChiSquareStat,Integrity_RIN_ANOVA_MLM_ChiSquareStat,RNA_Concentration_ANOVA_MLM_ChiSquareStat,Card_ANOVA_MLM_ChiSquareStat,(Intercept)_ANOVA_MLM_NominalPval,Diagnosis_ANOVA_MLM_NominalPval,Age_ANOVA_MLM_NominalPval,Gender_ANOVA_MLM_NominalPval,pH_ANOVA_MLM_NominalPval,PMI_ANOVA_MLM_NominalPval,Integrity_RIN_ANOVA_MLM_NominalPval,RNA_Concentration_ANOVA_MLM_NominalPval,Card_ANOVA_MLM_NominalPval,(Intercept)_ANOVA_MLM_FDR,Diagnosis_ANOVA_MLM_FDR,Age_ANOVA_MLM_FDR,Gender_ANOVA_MLM_FDR,pH_ANOVA_MLM_FDR,PMI_ANOVA_MLM_FDR,Integrity_RIN_ANOVA_MLM_FDR,RNA_Concentration_ANOVA_MLM_FDR,Card_ANOVA_MLM_FDR,Subject_SampleSize_PostHocSummary_MLM_DF,Measurements_SampleSize_PostHocSummary_MLM_DF,DF1_EachDiagnosis_PostHocSummary_MLM_DF,DF_AllOtherSubjectVar (7 covariates + intercept)_PostHocSummary_MLM_DF,DF_Card (# of Cards-1)_PostHocSummary_MLM_DF,"DF2_SubjectLevel (e.g., Diagnosis): 69 Subjects - 9 DF in Subject Level Var_PostHocSummary_MLM_DF","DF2_SampleLevel (e.g., Card, Intercept): SampleSize-(#Subjects)-(#Cards-1)_PostHocSummary_MLM_DF",(Intercept)_PostHocSummary_MLM_Beta,Diagnosis_BP_PostHocSummary_MLM_Beta,Diagnosis_Schiz_PostHocSummary_MLM_Beta,Age_PostHocSummary_MLM_Beta,Gender_F_PostHocSummary_MLM_Beta,pH_PostHocSummary_MLM_Beta,PMI_PostHocSummary_MLM_Beta,Integrity_RIN_PostHocSummary_MLM_Beta,RNA_Concentration_PostHocSummary_MLM_Beta,(Intercept)_PostHocSummary_MLM_SE,Diagnosis_BP_PostHocSummary_MLM_SE,Diagnosis_Schiz_PostHocSummary_MLM_SE,Age_PostHocSummary_MLM_SE,Gender_F_PostHocSummary_MLM_SE,pH_PostHocSummary_MLM_SE,PMI_PostHocSummary_MLM_SE,Integrity_RIN_PostHocSummary_MLM_SE,RNA_Concentration_PostHocSummary_MLM_SE,(Intercept)_PostHocSummary_MLM_Tstat,Diagnosis_BP_PostHocSummary_MLM_Tstat,Diagnosis_Schiz_PostHocSummary_MLM_Tstat,Age_PostHocSummary_MLM_Tstat,Gender_F_PostHocSummary_MLM_Tstat,pH_PostHocSummary_MLM_Tstat,PMI_PostHocSummary_MLM_Tstat,Integrity_RIN_PostHocSummary_MLM_Tstat,RNA_Concentration_PostHocSummary_MLM_Tstat,(Intercept)_PostHocSummary_MLM_NominalPval,Diagnosis_BP_PostHocSummary_MLM_NominalPval,Diagnosis_Schiz_PostHocSummary_MLM_NominalPval,Age_PostHocSummary_MLM_NominalPval,Gender_F_PostHocSummary_MLM_NominalPval,pH_PostHocSummary_MLM_NominalPval,PMI_PostHocSummary_MLM_NominalPval,Integrity_RIN_PostHocSummary_MLM_NominalPval,RNA_Concentration_PostHocSummary_MLM_NominalPval,(Intercept)_PostHocSummary_MLM_FDR,Diagnosis_BP_PostHocSummary_MLM_FDR,Diagnosis_Schiz_PostHocSummary_MLM_FDR,Age_PostHocSummary_MLM_FDR,Gender_F_PostHocSummary_MLM_FDR,pH_PostHocSummary_MLM_FDR,PMI_PostHocSummary_MLM_FDR,Integrity_RIN_PostHocSummary_MLM_FDR,RNA_Concentration_PostHocSummary_MLM_FDR
ABAT,69,133,2,1,35,1.023,12.804,0.245,0.734,0.194,0.982,0.088,0.935,357.921,3.117E-01,1.66E-03,6.20E-01,3.91E-01,6.60E-01,3.22E-01,7.66E-01,3.34E-01,3.61E-55,3.84E-01,4.95E-02,7.25E-01,7.24E-01,7.96E-01,4.58E-01,8.26E-01,4.67E-01,3.09E-54,69,133,1,1,35,60,29,0.9227,0.1569,0.0837,-0.0007,-0.0532,0.0555,0.0027,0.0105,0.0003,1.11508,0.05445,0.05001,0.00174,0.07586,0.15420,0.00335,0.04332,0.00036,0.828,2.881,1.674,-0.405,-0.701,0.360,0.811,0.243,0.791,4.11E-01,5.50E-03,9.93E-02,6.87E-01,4.86E-01,7.20E-01,4.21E-01,8.09E-01,4.32E-01,4.96E-01,2.03E-01,5.25E-01,7.94E-01,8.96E-01,8.66E-01,5.99E-01,8.63E-01,6.03E-01
ADCY7,69,133,2,1,35,1.349,1.318,31.474,2.438,0.811,2.893,5.776,1.567,281.493,2.454E-01,5.17E-01,2.02E-08,1.18E-01,3.68E-01,8.90E-02,1.62E-02,2.11E-01,2.79E-40,3.20E-01,7.27E-01,2.81E-07,5.71E-01,5.52E-01,1.94E-01,5.14E-02,3.48E-01,1.47E-39,69,133,1,1,35,60,29,-2.0974,0.0905,0.0722,-0.0157,-0.1930,0.2248,-0.0093,-0.1691,-0.0007,2.20718,0.10741,0.09903,0.00343,0.15108,0.30512,0.00666,0.08603,0.00071,-0.950,0.843,0.730,-4.589,-1.277,0.737,-1.391,-1.966,-1.024,3.46E-01,4.03E-01,4.69E-01,2.32E-05,2.06E-01,4.64E-01,1.69E-01,5.39E-02,3.10E-01,4.46E-01,6.99E-01,8.32E-01,2.86E-04,8.42E-01,6.87E-01,3.61E-01,1.64E-01,5.01E-01
ADORA1,69,133,2,1,35,10.503,0.040,8.821,0.105,2.166,0.149,15.537,0.060,152.481,1.192E-03,9.80E-01,2.98E-03,7.46E-01,1.41E-01,7.00E-01,8.09E-05,8.07E-01,1.31E-16,3.23E-03,9.80E-01,8.93E-03,9.03E-01,3.20E-01,8.18E-01,9.98E-04,8.22E-01,1.96E-16,69,133,1,1,35,60,29,-4.3524,0.0000,0.0109,-0.0062,-0.0297,0.2733,-0.0016,0.2057,-0.0001,1.64176,0.08016,0.07364,0.00257,0.11172,0.22703,0.00494,0.06380,0.00053,-2.651,0.000,0.148,-2.430,-0.265,1.204,-0.315,3.224,-0.200,1.02E-02,1.00E+00,8.83E-01,1.81E-02,7.92E-01,2.33E-01,7.54E-01,2.04E-03,8.42E-01,2.47E-02,1.00E+00,9.33E-01,5.30E-02,9.48E-01,5.08E-01,8.71E-01,2.27E-02,8.57E-01
ADORA2A,69,133,2,1,35,1.047,0.790,11.118,2.534,0.203,0.377,5.732,0.686,158.380,3.062E-01,6.74E-01,8.55E-04,1.11E-01,6.53E-01,5.39E-01,1.67E-02,4.08E-01,1.27E-17,3.82E-01,8.27E-01,2.97E-03,5.69E-01,7.96E-01,6.58E-01,5.14E-02,5.30E-01,2.10E-17,69,133,1,1,35,60,29,-1.8487,-0.0408,-0.0716,-0.0093,-0.1972,-0.1124,-0.0034,-0.1687,-0.0005,2.20859,0.10732,0.09911,0.00342,0.15147,0.30524,0.00667,0.08616,0.00071,-0.837,-0.380,-0.722,-2.728,-1.302,-0.368,-0.502,-1.958,-0.677,4.06E-01,7.05E-01,4.73E-01,8.36E-03,1.98E-01,7.14E-01,6.17E-01,5.48E-02,5.01E-01,4.95E-01,9.21E-01,8.32E-01,2.73E-02,8.42E-01,8.66E-01,7.53E-01,1.64E-01,6.31E-01
ALDH5A1,69,133,2,1,35,0.892,3.620,0.024,0.353,0.019,0.227,0.724,19.348,383.871,3.450E-01,1.64E-01,8.76E-01,5.53E-01,8.89E-01,6.34E-01,3.95E-01,1.09E-05,2.64E-60,4.12E-01,4.37E-01,9.17E-01,8.51E-01,9.45E-01,7.65E-01,5.47E-01,4.03E-04,3.26E-59,69,133,1,1,35,60,29,-0.6976,0.0631,0.0467,0.0002,0.0299,-0.0142,0.0011,-0.0244,0.0011,0.90304,0.04409,0.04050,0.00141,0.06145,0.12488,0.00272,0.03509,0.00029,-0.773,1.431,1.154,0.128,0.486,-0.114,0.390,-0.696,3.598,4.43E-01,1.58E-01,2.53E-01,8.99E-01,6.29E-01,9.10E-01,6.98E-01,4.89E-01,6.50E-04,5.29E-01,5.99E-01,7.81E-01,9.41E-01,9.29E-01,9.55E-01,8.42E-01,6.68E-01,1.80E-02
SST,69,133,2,1,35,2.718,12.212,16.033,5.139,2.012,0.109,4.231,0.983,106.262,9.923E-02,2.23E-03,6.23E-05,2.34E-02,1.56E-01,7.42E-01,3.97E-02,3.21E-01,4.15E-09,1.43E-01,4.95E-02,3.17E-04,3.71E-01,3.33E-01,8.39E-01,1.05E-01,4.57E-01,4.95E-09,69,133,1,1,35,60,29,-5.0150,-0.3078,-0.4670,-0.0188,-0.4733,0.5963,-0.0030,0.2442,0.0010,3.71860,0.18056,0.16687,0.00575,0.25522,0.51387,0.01123,0.14512,0.00119,-1.349,-1.704,-2.798,-3.275,-1.854,1.160,-0.270,1.683,0.811,1.83E-01,9.35E-02,6.89E-03,1.76E-03,6.86E-02,2.51E-01,7.88E-01,9.77E-02,4.20E-01,2.60E-01,5.99E-01,3.35E-01,8.15E-03,8.42E-01,5.15E-01,8.88E-01,2.52E-01,5.98E-01
PVALB,69,133,2,1,35,18.751,3.061,0.554,1.165,6.891,3.176,8.646,1.174,143.904,1.489E-05,2.16E-01,4.57E-01,2.80E-01,8.66E-03,7.47E-02,3.28E-03,2.79E-01,3.73E-15,1.10E-04,4.91E-01,5.76E-01,6.68E-01,6.87E-02,1.73E-01,1.76E-02,4.19E-01,5.37E-15,69,133,1,1,35,60,29,-7.2237,-0.0794,-0.1293,0.0019,-0.1232,0.6054,0.0090,0.1912,-0.0006,2.03927,0.09926,0.09150,0.00317,0.13955,0.28192,0.00615,0.07948,0.00066,-3.542,-0.800,-1.413,0.609,-0.883,2.147,1.458,2.405,-0.886,7.75E-04,4.27E-01,1.63E-01,5.45E-01,3.81E-01,3.58E-02,1.50E-01,1.93E-02,3.79E-01,4.93E-03,7.18E-01,6.55E-01,6.79E-01,8.42E-01,2.84E-01,3.47E-01,9.80E-02,5.70E-01
BDNF,69,133,2,1,35,3.424,7.110,6.095,1.164,0.878,1.991,0.631,8.705,312.838,6.427E-02,2.86E-02,1.36E-02,2.81E-01,3.49E-01,1.58E-01,4.27E-01,3.17E-03,2.45E-46,9.91E-02,2.44E-01,3.20E-02,6.68E-01,5.38E-01,2.71E-01,5.64E-01,1.96E-02,1.60E-45,69,133,1,1,35,60,29,-5.6101,-0.2369,-0.3545,-0.0116,0.2247,0.3926,0.0129,0.0940,0.0029,3.70647,0.17987,0.16633,0.00573,0.25454,0.51214,0.01120,0.14468,0.00119,-1.514,-1.317,-2.131,-2.020,0.883,0.767,1.154,0.650,2.413,1.35E-01,1.93E-01,3.72E-02,4.79E-02,3.81E-01,4.46E-01,2.53E-01,5.18E-01,1.89E-02,2.06E-01,5.99E-01,3.35E-01,1.11E-01,8.42E-01,6.79E-01,4.10E-01,6.85E-01,1.16E-01
CACNA1A,69,133,2,1,35,0.070,0.259,13.395,1.061,0.000,4.125,2.952,1.926,257.409,7.918E-01,8.79E-01,2.52E-04,3.03E-01,9.82E-01,4.22E-02,8.58E-02,1.65E-01,1.09E-35,8.45E-01,9.03E-01,1.00E-03,6.68E-01,9.82E-01,1.23E-01,2.03E-01,3.03E-01,4.19E-35,69,133,1,1,35,60,29,0.2709,-0.0171,-0.0223,-0.0058,-0.0724,0.0032,0.0063,-0.0687,0.0005,1.25460,0.06105,0.05629,0.00195,0.08589,0.17343,0.00379,0.04890,0.00040,0.216,-0.281,-0.397,-2.994,-0.843,0.018,1.662,-1.405,1.135,8.30E-01,7.80E-01,6.93E-01,4.00E-03,4.03E-01,9.86E-01,1.02E-01,1.65E-01,2.61E-01,8.86E-01,9.33E-01,8.81E-01,1.48E-02,8.44E-01,9.86E-01,2.83E-01,3.81E-01,4.50E-01
CACNA1B,69,133,2,1,35,15.376,3.124,5.606,5.689,4.908,7.338,2.444,1.004,210.463,8.809E-05,2.10E-01,1.79E-02,1.71E-02,2.67E-02,6.75E-03,1.18E-01,3.16E-01,6.38E-27,3.91E-04,4.91E-01,4.05E-02,3.45E-01,1.19E-01,6.25E-02,2.47E-01,4.56E-01,1.68E-26,69,133,1,1,35,60,29,-3.5924,0.0788,0.0261,-0.0034,-0.1492,0.2806,0.0075,0.0558,0.0003,1.11991,0.05459,0.05024,0.00174,0.07646,0.15485,0.00337,0.04359,0.00036,-3.208,1.443,0.519,-1.937,-1.951,1.812,2.216,1.279,0.820,2.15E-03,1.54E-01,6.06E-01,5.75E-02,5.57E-02,7.50E-02,3.05E-02,2.06E-01,4.16E-01,8.22E-03,5.99E-01,8.66E-01,1.30E-01,8.42E-01,3.25E-01,2.24E-01,4.31E-01,5.98E-01
CDK5R1,69,133,2,1,35,2.115,2.614,15.145,0.103,0.333,4.606,2.155,0.204,118.897,1.459E-01,2.71E-01,9.96E-05,7.48E-01,5.64E-01,3.19E-02,1.42E-01,6.51E-01,4.57E-11,1.95E-01,5.46E-01,4.60E-04,9.03E-01,7.63E-01,1.07E-01,2.87E-01,7.33E-01,5.70E-11,69,133,1,1,35,60,29,1.4389,0.0706,0.0562,-0.0060,-0.0216,0.0790,0.0064,-0.0565,0.0001,1.21177,0.06016,0.05433,0.00190,0.08228,0.16759,0.00364,0.04711,0.00040,1.187,1.173,1.035,-3.178,-0.262,0.471,1.752,-1.199,0.369,2.40E-01,2.46E-01,3.05E-01,2.36E-03,7.94E-01,6.39E-01,8.49E-02,2.35E-01,7.13E-01,3.21E-01,5.99E-01,7.91E-01,1.01E-02,9.48E-01,8.55E-01,2.59E-01,4.67E-01,8.01E-01
CALB1,69,133,2,1,35,2.323,2.201,75.936,0.555,0.612,0.048,1.101,0.000,198.640,1.275E-01,3.33E-01,2.93E-18,4.56E-01,4.34E-01,8.27E-01,2.94E-01,9.98E-01,9.17E-25,1.79E-01,6.34E-01,1.63E-16,7.86E-01,6.18E-01,9.00E-01,4.68E-01,9.98E-01,1.99E-24,69,133,1,1,35,60,29,-2.6832,0.1239,0.0239,-0.0238,-0.0896,0.1904,-0.0012,0.0720,0.0000,2.15199,0.10481,0.09655,0.00335,0.14713,0.29753,0.00649,0.08383,0.00069,-1.247,1.182,0.247,-7.128,-0.609,0.640,-0.179,0.858,0.002,2.17E-01,2.42E-01,8.05E-01,1.51E-09,5.45E-01,5.25E-01,8.59E-01,3.94E-01,9.99E-01,3.02E-01,5.99E-01,9.33E-01,8.38E-08,8.96E-01,7.47E-01,9.32E-01,6.16E-01,9.99E-01
DLG4,69,133,2,1,35,0.050,2.018,34.147,6.739,4.045,6.697,1.041,11.389,334.283,8.228E-01,3.65E-01,5.11E-09,9.43E-03,4.43E-02,9.66E-03,3.07E-01,7.39E-04,1.60E-50,8.70E-01,6.34E-01,9.45E-08,2.62E-01,1.59E-01,7.15E-02,4.68E-01,9.11E-03,1.11E-49,69,133,1,1,35,60,29,0.2125,0.0653,0.0186,-0.0087,-0.1679,0.2639,0.0074,-0.0377,0.0010,1.16006,0.05660,0.05204,0.00181,0.07906,0.16042,0.00349,0.04511,0.00038,0.183,1.154,0.358,-4.780,-2.124,1.645,2.117,-0.835,2.761,8.55E-01,2.53E-01,7.22E-01,1.17E-05,3.78E-02,1.05E-01,3.84E-02,4.07E-01,7.64E-03,9.04E-01,5.99E-01,8.90E-01,1.86E-04,8.40E-01,3.54E-01,2.24E-01,6.19E-01,9.28E-02
GABBR1,69,133,2,1,35,4.038,1.691,16.800,2.194,0.260,4.548,0.047,9.086,204.276,4.448E-02,4.29E-01,4.15E-05,1.39E-01,6.10E-01,3.30E-02,8.29E-01,2.58E-03,8.64E-26,7.16E-02,6.90E-01,2.31E-04,5.99E-01,7.94E-01,1.08E-01,8.68E-01,1.79E-02,2.04E-25,69,133,1,1,35,60,29,1.5049,0.0470,0.0123,-0.0048,-0.0756,0.0528,0.0048,0.0063,0.0007,0.91546,0.04467,0.04106,0.00143,0.06239,0.12659,0.00276,0.03560,0.00030,1.644,1.052,0.299,-3.353,-1.212,0.417,1.744,0.177,2.466,1.05E-01,2.97E-01,7.66E-01,1.39E-03,2.30E-01,6.78E-01,8.62E-02,8.60E-01,1.65E-02,1.66E-01,5.99E-01,9.17E-01,7.01E-03,8.42E-01,8.66E-01,2.59E-01,9.01E-01,1.15E-01
GABBR2,69,133,2,1,35,9.803,1.702,7.516,1.233,7.370,1.896,6.301,5.546,465.125,1.742E-03,4.27E-01,6.11E-03,2.67E-01,6.63E-03,1.69E-01,1.21E-02,1.85E-02,1.40E-76,4.12E-03,6.90E-01,1.58E-02,6.68E-01,6.13E-02,2.79E-01,4.32E-02,6.16E-02,3.89E-75,69,133,1,1,35,60,29,-2.9931,0.0608,0.0206,-0.0041,0.0723,0.3589,0.0040,0.0933,0.0007,1.16861,0.05704,0.05242,0.00183,0.07958,0.16160,0.00352,0.04543,0.00038,-2.561,1.066,0.393,-2.243,0.908,2.221,1.126,2.053,1.927,1.30E-02,2.91E-01,6.96E-01,2.86E-02,3.67E-01,3.01E-02,2.64E-01,4.44E-02,5.88E-02,2.82E-02,5.99E-01,8.81E-01,7.39E-02,8.42E-01,2.57E-01,4.13E-01,1.49E-01,1.83E-01
GABRA1,69,133,2,1,35,8.933,2.989,0.000,0.326,3.165,5.889,12.782,2.646,361.521,2.801E-03,2.24E-01,1.00E+00,5.68E-01,7.52E-02,1.52E-02,3.50E-04,1.04E-01,7.04E-56,6.10E-03,4.91E-01,1.00E+00,8.51E-01,2.06E-01,7.51E-02,2.59E-03,2.31E-01,6.51E-55,69,133,1,1,35,60,29,-4.1675,0.1005,-0.0121,0.0000,-0.0544,0.3430,0.0102,0.1942,0.0007,1.70456,0.08302,0.07647,0.00265,0.11653,0.23567,0.00514,0.06640,0.00055,-2.445,1.210,-0.158,0.000,-0.467,1.455,1.985,2.925,1.331,1.74E-02,2.31E-01,8.75E-01,1.00E+00,6.42E-01,1.51E-01,5.17E-02,4.86E-03,1.88E-01,3.65E-02,5.99E-01,9.33E-01,1.00E+00,9.29E-01,4.05E-01,2.24E-01,3.60E-02,3.94E-01
GABRA2,69,133,2,1,35,0.221,0.483,7.829,0.821,2.302,0.097,12.865,8.856,249.544,6.379E-01,7.85E-01,5.14E-03,3.65E-01,1.29E-01,7.55E-01,3.35E-04,2.92E-03,3.36E-34,7.01E-01,8.58E-01,1.46E-02,7.11E-01,2.99E-01,8.39E-01,2.59E-03,1.91E-02,1.17E-33,69,133,1,1,35,60,29,0.5473,0.0375,0.0041,-0.0051,-0.0718,-0.2440,-0.0011,0.1622,0.0011,1.42154,0.06936,0.06377,0.00222,0.09688,0.19657,0.00428,0.05528,0.00046,0.385,0.540,0.064,-2.289,-0.741,-1.241,-0.255,2.934,2.434,7.02E-01,5.91E-01,9.49E-01,2.56E-02,4.62E-01,2.19E-01,7.99E-01,4.73E-03,1.79E-02,7.71E-01,8.81E-01,9.61E-01,7.11E-02,8.94E-01,4.87E-01,8.88E-01,3.60E-02,1.16E-01
GABRA4,69,133,2,1,35,13.506,5.454,1.469,0.003,6.065,2.959,17.089,5.941,300.922,2.378E-04,6.54E-02,2.26E-01,9.60E-01,1.38E-02,8.54E-02,3.57E-05,1.48E-02,5.02E-44,8.25E-04,3.02E-01,3.43E-01,9.87E-01,9.59E-02,1.90E-01,4.98E-04,5.77E-02,3.09E-43,69,133,1,1,35,60,29,-3.4079,0.0814,-0.0252,-0.0018,0.0032,0.3158,0.0048,0.1489,0.0007,1.13362,0.05536,0.05084,0.00177,0.07711,0.15676,0.00341,0.04404,0.00037,-3.006,1.470,-0.496,-0.991,0.041,2.015,1.407,3.382,1.994,3.86E-03,1.47E-01,6.22E-01,3.25E-01,9.67E-01,4.84E-02,1.65E-01,1.27E-03,5.07E-02,1.26E-02,5.99E-01,8.66E-01,4.75E-01,9.94E-01,3.22E-01,3.58E-01,1.77E-02,1.83E-01
GABRA5,69,133,2,1,35,1.891,3.022,33.283,1.566,2.547,7.472,0.025,3.853,164.952,1.691E-01,2.21E-01,7.97E-09,2.11E-01,1.11E-01,6.27E-03,8.73E-01,4.97E-02,9.19E-19,2.23E-01,4.91E-01,1.26E-07,6.50E-01,2.73E-01,6.25E-02,9.06E-01,1.25E-01,1.57E-18,69,133,1,1,35,60,29,-1.9108,0.1067,0.0825,-0.0124,-0.1192,0.3065,0.0115,-0.0086,0.0009,1.69877,0.08259,0.07622,0.00263,0.11642,0.23480,0.00513,0.06625,0.00055,-1.125,1.291,1.082,-4.719,-1.024,1.305,2.236,-0.131,1.606,2.65E-01,2.02E-01,2.84E-01,1.46E-05,3.10E-01,1.97E-01,2.91E-02,8.97E-01,1.14E-01,3.50E-01,5.99E-01,7.81E-01,2.03E-04,8.42E-01,4.74E-01,2.24E-01,9.30E-01,2.74E-01
GABRA6,69,133,2,1,35,16.214,0.748,1.656,2.591,1.284,2.960,0.283,0.155,220.715,5.658E-05,6.88E-01,1.98E-01,1.07E-01,2.57E-01,8.54E-02,5.94E-01,6.93E-01,8.23E-29,2.70E-04,8.27E-01,3.05E-01,5.69E-01,4.44E-01,1.90E-01,6.73E-01,7.59E-01,2.34E-28,69,133,1,1,35,60,29,-11.2757,0.1168,0.0577,0.0056,0.3089,0.4386,0.0145,0.0581,0.0004,3.42317,0.16645,0.15360,0.00531,0.23456,0.47316,0.01033,0.13349,0.00110,-3.294,0.702,0.376,1.053,1.317,0.927,1.407,0.436,0.322,1.66E-03,4.86E-01,7.09E-01,2.97E-01,1.93E-01,3.58E-01,1.65E-01,6.65E-01,7.48E-01,6.58E-03,7.69E-01,8.84E-01,4.45E-01,8.42E-01,6.06E-01,3.58E-01,7.53E-01,8.08E-01
GABRB1,69,133,2,1,35,4.206,6.953,0.091,0.866,5.763,0.927,1.856,11.726,374.584,4.027E-02,3.09E-02,7.63E-01,3.52E-01,1.64E-02,3.36E-01,1.73E-01,6.16E-04,1.84E-58,6.67E-02,2.45E-01,8.32E-01,7.02E-01,9.59E-02,4.72E-01,3.33E-01,8.55E-03,2.04E-57,69,133,1,1,35,60,29,2.0288,0.0663,0.1162,-0.0005,-0.0630,-0.3283,0.0029,-0.0525,0.0011,1.20922,0.05889,0.05425,0.00188,0.08268,0.16718,0.00365,0.04711,0.00039,1.678,1.127,2.142,-0.247,-0.761,-1.964,0.787,-1.115,2.801,9.86E-02,2.64E-01,3.62E-02,8.06E-01,4.49E-01,5.42E-02,4.34E-01,2.69E-01,6.84E-03,1.61E-01,5.99E-01,3.35E-01,8.79E-01,8.94E-01,3.22E-01,6.10E-01,5.01E-01,9.28E-02
GABRB3,69,133,2,1,35,8.673,5.635,17.673,0.108,5.097,3.254,7.181,5.571,151.405,3.230E-03,5.98E-02,2.62E-05,7.43E-01,2.40E-02,7.12E-02,7.37E-03,1.83E-02,2.00E-16,6.89E-03,3.02E-01,1.55E-04,9.03E-01,1.11E-01,1.68E-01,3.27E-02,6.16E-02,2.95E-16,69,133,1,1,35,60,29,-3.3413,0.1185,0.0929,-0.0074,0.0254,0.3542,0.0062,0.1183,0.0009,1.38693,0.06764,0.06222,0.00216,0.09460,0.19178,0.00418,0.05396,0.00045,-2.409,1.751,1.494,-3.439,0.268,1.847,1.476,2.192,1.931,1.91E-02,8.50E-02,1.40E-01,1.07E-03,7.89E-01,6.97E-02,1.45E-01,3.23E-02,5.82E-02,3.92E-02,5.99E-01,6.00E-01,5.96E-03,9.48E-01,3.22E-01,3.43E-01,1.26E-01,1.83E-01
GABRD,69,133,2,1,35,4.375,0.536,1.904,0.108,3.073,4.842,2.718,0.093,208.042,3.648E-02,7.65E-01,1.68E-01,7.43E-01,7.96E-02,2.78E-02,9.92E-02,7.61E-01,1.77E-26,6.23E-02,8.58E-01,2.70E-01,9.03E-01,2.06E-01,1.03E-01,2.25E-01,7.89E-01,4.57E-26,69,133,1,1,35,60,29,-2.7897,-0.0367,-0.0395,-0.0029,0.0298,0.3233,0.0088,0.0855,0.0001,1.63042,0.07953,0.07314,0.00254,0.11117,0.22545,0.00491,0.06343,0.00053,-1.711,-0.461,-0.540,-1.129,0.268,1.434,1.800,1.349,0.249,9.22E-02,6.47E-01,5.91E-01,2.64E-01,7.89E-01,1.57E-01,7.69E-02,1.82E-01,8.04E-01,1.55E-01,8.96E-01,8.66E-01,4.23E-01,9.48E-01,4.05E-01,2.59E-01,4.05E-01,8.29E-01
GABRE,69,133,2,1,35,4.118,1.195,1.822,0.022,0.194,1.470,1.847,1.169,175.557,4.244E-02,5.50E-01,1.77E-01,8.83E-01,6.59E-01,2.25E-01,1.74E-01,2.80E-01,1.26E-20,6.93E-02,7.44E-01,2.77E-01,9.80E-01,7.96E-01,3.43E-01,3.33E-01,4.19E-01,2.37E-20,69,133,1,1,35,60,29,-7.8989,0.1966,0.0228,-0.0081,0.0394,0.2372,0.0143,-0.2064,0.0014,4.75858,0.23112,0.21354,0.00737,0.32650,0.65761,0.01437,0.18568,0.00153,-1.660,0.851,0.107,-1.104,0.121,0.361,0.992,-1.112,0.885,1.02E-01,3.98E-01,9.15E-01,2.74E-01,9.04E-01,7.20E-01,3.25E-01,2.71E-01,3.80E-01,1.64E-01,6.99E-01,9.50E-01,4.28E-01,9.94E-01,8.66E-01,4.95E-01,5.01E-01,5.70E-01
GABRG1,69,133,2,1,35,2.333,0.609,5.035,0.104,2.502,2.152,1.399,7.470,200.944,1.266E-01,7.38E-01,2.48E-02,7.48E-01,1.14E-01,1.42E-01,2.37E-01,6.28E-03,3.50E-25,1.79E-01,8.44E-01,5.30E-02,9.03E-01,2.74E-01,2.59E-01,3.99E-01,3.07E-02,7.92E-25,69,133,1,1,35,60,29,2.5068,0.0292,0.0574,-0.0057,-0.0361,-0.3589,-0.0073,-0.0756,0.0014,2.00617,0.09768,0.09001,0.00312,0.13722,0.27736,0.00605,0.07817,0.00065,1.250,0.299,0.637,-1.835,-0.263,-1.294,-1.200,-0.967,2.236,2.16E-01,7.66E-01,5.26E-01,7.14E-02,7.93E-01,2.01E-01,2.35E-01,3.37E-01,2.91E-02,3.02E-01,9.33E-01,8.46E-01,1.50E-01,9.48E-01,4.74E-01,4.05E-01,5.67E-01,1.36E-01
GABRG2,69,133,2,1,35,0.553,3.712,9.628,2.859,0.501,2.307,3.666,2.335,700.164,4.571E-01,1.56E-01,1.92E-03,9.08E-02,4.79E-01,1.29E-01,5.55E-02,1.27E-01,1.07E-124,5.30E-01,4.37E-01,6.08E-03,5.69E-01,6.70E-01,2.44E-01,1.40E-01,2.60E-01,5.93E-123,69,133,1,1,35,60,29,-0.8968,0.1004,0.0824,0.0058,0.1395,0.1180,0.0055,0.0900,0.0006,1.47440,0.07180,0.06615,0.00229,0.10081,0.20384,0.00445,0.05744,0.00048,-0.608,1.398,1.246,2.538,1.383,0.579,1.243,1.566,1.250,5.45E-01,1.67E-01,2.18E-01,1.38E-02,1.72E-01,5.65E-01,2.19E-01,1.23E-01,2.16E-01,6.32E-01,5.99E-01,7.32E-01,4.36E-02,8.42E-01,7.89E-01,3.98E-01,3.02E-01,4.24E-01
GABRG3,69,133,2,1,35,7.200,0.069,7.578,0.514,1.621,6.307,2.276,3.693,130.235,7.289E-03,9.66E-01,5.91E-03,4.74E-01,2.03E-01,1.20E-02,1.31E-01,5.46E-02,6.88E-13,1.44E-02,9.75E-01,1.58E-02,7.86E-01,3.83E-01,7.51E-02,2.70E-01,1.34E-01,9.66E-13,69,133,1,1,35,60,29,-3.8141,0.0056,0.0166,-0.0061,-0.0698,0.2501,0.0108,-0.0836,0.0009,1.73759,0.08446,0.07797,0.00269,0.11912,0.24016,0.00525,0.06778,0.00056,-2.195,0.067,0.213,-2.252,-0.586,1.042,2.054,-1.234,1.572,3.20E-02,9.47E-01,8.32E-01,2.80E-02,5.60E-01,3.02E-01,4.43E-02,2.22E-01,1.21E-01,6.24E-02,1.00E+00,9.33E-01,7.39E-02,8.96E-01,5.56E-01,2.24E-01,4.56E-01,2.84E-01
GABRQ,69,133,2,1,35,3.178,0.408,16.018,1.230,0.004,0.775,0.710,2.432,207.799,7.462E-02,8.15E-01,6.27E-05,2.67E-01,9.51E-01,3.79E-01,3.99E-01,1.19E-01,1.96E-26,1.10E-01,8.79E-01,3.17E-04,6.68E-01,9.61E-01,5.06E-01,5.47E-01,2.54E-01,4.95E-26,69,133,1,1,35,60,29,-4.4672,0.0191,-0.0558,-0.0155,0.1906,0.0215,-0.0067,-0.0824,0.0013,3.06314,0.14884,0.13745,0.00474,0.21006,0.42335,0.00925,0.11950,0.00098,-1.458,0.128,-0.406,-3.274,0.907,0.051,-0.720,-0.689,1.276,1.50E-01,8.98E-01,6.86E-01,1.76E-03,3.68E-01,9.60E-01,4.74E-01,4.93E-01,2.07E-01,2.21E-01,9.75E-01,8.81E-01,8.15E-03,8.42E-01,9.68E-01,6.34E-01,6.68E-01,4.24E-01
GABRR2,69,133,2,1,35,0.002,1.408,2.910,3.272,5.276,0.209,4.562,2.093,112.833,9.628E-01,4.95E-01,8.81E-02,7.05E-02,2.16E-02,6.47E-01,3.27E-02,1.48E-01,4.08E-10,9.79E-01,7.13E-01,1.63E-01,5.59E-01,1.10E-01,7.72E-01,9.07E-02,2.78E-01,4.97E-10,69,133,1,1,35,60,29,0.1183,-0.0050,0.1208,-0.0068,-0.3127,-0.8067,-0.0035,-0.2108,-0.0012,3.10459,0.15157,0.13925,0.00485,0.21132,0.42932,0.00934,0.12066,0.00101,0.038,-0.033,0.868,-1.395,-1.480,-1.879,-0.374,-1.747,-1.183,9.70E-01,9.74E-01,3.89E-01,1.68E-01,1.44E-01,6.51E-02,7.09E-01,8.57E-02,2.41E-01,9.82E-01,1.00E+00,8.32E-01,3.06E-01,8.42E-01,3.22E-01,8.47E-01,2.32E-01,4.32E-01
GAD1,69,133,2,1,35,10.078,6.620,7.876,7.073,9.876,3.887,17.737,0.668,203.894,1.500E-03,3.65E-02,5.01E-03,7.82E-03,1.67E-03,4.87E-02,2.54E-05,4.14E-01,1.01E-25,3.87E-03,2.57E-01,1.46E-02,2.62E-01,3.80E-02,1.28E-01,4.98E-04,5.30E-01,2.35E-25,69,133,1,1,35,60,29,-3.9738,-0.0219,-0.1384,-0.0055,-0.2270,0.5439,0.0074,0.2051,-0.0003,1.53011,0.07464,0.06864,0.00239,0.10433,0.21158,0.00461,0.05952,0.00050,-2.597,-0.293,-2.016,-2.296,-2.176,2.571,1.613,3.445,-0.669,1.18E-02,7.71E-01,4.83E-02,2.52E-02,3.35E-02,1.26E-02,1.12E-01,1.05E-03,5.06E-01,2.67E-02,9.33E-01,3.35E-01,7.11E-02,8.40E-01,2.26E-01,2.86E-01,1.77E-02,6.31E-01
GLS,69,133,2,1,35,7.575,4.329,0.258,0.616,5.261,1.869,11.657,0.201,124.687,5.919E-03,1.15E-01,6.12E-01,4.33E-01,2.18E-02,1.72E-01,6.40E-04,6.54E-01,5.45E-12,1.19E-02,3.86E-01,7.22E-01,7.74E-01,1.10E-01,2.80E-01,4.44E-03,7.33E-01,7.29E-12,69,133,1,1,35,60,29,-4.0954,0.1396,0.0059,0.0012,-0.0798,0.4719,0.0061,0.1978,-0.0002,1.81899,0.08864,0.08160,0.00283,0.12426,0.25151,0.00548,0.07083,0.00059,-2.251,1.575,0.072,0.415,-0.642,1.876,1.118,2.793,-0.367,2.80E-02,1.21E-01,9.43E-01,6.79E-01,5.23E-01,6.55E-02,2.68E-01,7.00E-03,7.15E-01,5.66E-02,5.99E-01,9.61E-01,7.94E-01,8.96E-01,3.22E-01,4.13E-01,4.86E-02,8.01E-01
GLUL,69,133,2,1,35,12.523,1.522,2.720,4.111,1.728,5.832,0.712,1.339,127.207,4.019E-04,4.67E-01,9.91E-02,4.26E-02,1.89E-01,1.57E-02,3.99E-01,2.47E-01,2.14E-12,1.31E-03,7.01E-01,1.75E-01,5.59E-01,3.74E-01,7.51E-02,5.47E-01,3.92E-01,2.93E-12,69,133,1,1,35,60,29,7.1897,-0.0006,-0.1023,-0.0052,-0.2825,-0.3691,-0.0148,-0.0669,0.0008,2.48359,0.12067,0.11145,0.00385,0.17034,0.34324,0.00750,0.09689,0.00080,2.895,-0.005,-0.918,-1.349,-1.659,-1.075,-1.975,-0.690,0.947,5.28E-03,9.96E-01,3.62E-01,1.82E-01,1.02E-01,2.86E-01,5.28E-02,4.93E-01,3.48E-01,1.63E-02,1.00E+00,8.32E-01,3.21E-01,8.42E-01,5.48E-01,2.24E-01,6.68E-01,5.44E-01
GNAI1,69,133,2,1,35,16.563,2.129,0.802,0.310,9.463,0.111,6.853,13.081,280.574,4.707E-05,3.45E-01,3.71E-01,5.78E-01,2.10E-03,7.39E-01,8.85E-03,2.98E-04,4.18E-40,2.54E-04,6.34E-01,4.78E-01,8.51E-01,3.80E-02,8.39E-01,3.51E-02,5.56E-03,2.11E-39,69,133,1,1,35,60,29,-4.0027,0.0686,0.0383,-0.0014,-0.0373,0.4184,0.0010,0.1000,0.0012,1.20231,0.05871,0.05393,0.00188,0.08180,0.16626,0.00362,0.04671,0.00039,-3.329,1.168,0.711,-0.732,-0.456,2.516,0.272,2.141,2.959,1.49E-03,2.47E-01,4.80E-01,4.67E-01,6.50E-01,1.45E-02,7.87E-01,3.63E-02,4.42E-03,6.21E-03,5.99E-01,8.32E-01,6.02E-01,9.29E-01,2.26E-01,8.88E-01,1.30E-01,7.72E-02
GNAQ,69,133,2,1,35,1.054,9.720,1.345,1.090,1.535,0.064,5.260,29.104,419.014,3.047E-01,7.75E-03,2.46E-01,2.97E-01,2.15E-01,8.00E-01,2.18E-02,6.86E-08,2.60E-67,3.82E-01,1.08E-01,3.59E-01,6.68E-01,3.92E-01,8.79E-01,6.54E-02,7.61E-06,4.81E-66,69,133,1,1,35,60,29,-0.7635,0.0815,0.0968,-0.0014,-0.0525,0.1274,0.0006,0.0660,0.0013,0.90923,0.04448,0.04076,0.00143,0.06149,0.12569,0.00273,0.03520,0.00030,-0.840,1.832,2.375,-0.949,-0.854,1.014,0.208,1.876,4.413,4.04E-01,7.19E-02,2.08E-02,3.47E-01,3.97E-01,3.15E-01,8.36E-01,6.55E-02,4.31E-05,4.95E-01,5.99E-01,3.35E-01,5.00E-01,8.44E-01,5.64E-01,9.19E-01,1.91E-01,4.78E-03
GPHN,69,133,2,1,35,21.470,16.343,3.419,2.656,0.213,3.885,8.085,4.143,154.476,3.594E-06,2.83E-04,6.44E-02,1.03E-01,6.45E-01,4.87E-02,4.46E-03,4.18E-02,5.96E-17,5.70E-05,1.73E-02,1.21E-01,5.69E-01,7.96E-01,1.28E-01,2.25E-02,1.16E-01,9.31E-17,69,133,1,1,35,60,29,-3.8384,0.1559,0.1012,-0.0024,-0.0914,0.0528,0.0049,0.0913,0.0006,1.01261,0.04952,0.04540,0.00159,0.06857,0.14000,0.00304,0.03923,0.00033,-3.791,3.148,2.230,-1.513,-1.333,0.377,1.613,2.326,1.665,3.51E-04,2.56E-03,2.95E-02,1.36E-01,1.87E-01,7.07E-01,1.12E-01,2.34E-02,1.01E-01,3.54E-03,2.03E-01,3.35E-01,2.51E-01,8.42E-01,8.66E-01,2.86E-01,1.08E-01,2.64E-01
GRIA1,69,133,2,1,35,3.158,3.142,17.656,0.436,4.480,6.253,2.907,10.077,431.191,7.554E-02,2.08E-01,2.65E-05,5.09E-01,3.43E-02,1.24E-02,8.82E-02,1.50E-03,9.44E-70,1.10E-01,4.91E-01,1.55E-04,7.96E-01,1.39E-01,7.51E-02,2.04E-01,1.39E-02,2.10E-68,69,133,1,1,35,60,29,-1.4883,0.0717,0.0355,-0.0055,-0.0378,0.2451,0.0063,-0.0556,0.0009,1.02374,0.04989,0.04593,0.00159,0.06993,0.14155,0.00309,0.03986,0.00033,-1.454,1.438,0.773,-3.437,-0.540,1.731,2.046,-1.395,2.597,1.51E-01,1.56E-01,4.42E-01,1.07E-03,5.91E-01,8.85E-02,4.52E-02,1.68E-01,1.18E-02,2.21E-01,5.99E-01,8.32E-01,5.96E-03,9.24E-01,3.42E-01,2.24E-01,3.81E-01,1.09E-01
GRIA2,69,133,2,1,35,0.030,5.130,5.561,0.026,0.929,2.677,0.497,4.093,257.643,8.629E-01,7.69E-02,1.84E-02,8.73E-01,3.35E-01,1.02E-01,4.81E-01,4.31E-02,9.88E-36,9.04E-01,3.18E-01,4.08E-02,9.80E-01,5.31E-01,2.12E-01,6.07E-01,1.16E-01,3.92E-35,69,133,1,1,35,60,29,0.1579,0.0988,0.0557,-0.0034,0.0100,0.1219,0.0045,0.0251,0.0006,1.11782,0.05452,0.05014,0.00174,0.07625,0.15457,0.00337,0.04350,0.00036,0.141,1.812,1.110,-1.929,0.131,0.788,1.338,0.576,1.655,8.88E-01,7.50E-02,2.71E-01,5.85E-02,8.96E-01,4.34E-01,1.86E-01,5.66E-01,1.03E-01,9.30E-01,5.99E-01,7.81E-01,1.30E-01,9.94E-01,6.68E-01,3.69E-01,6.99E-01,2.64E-01
GRIA3,69,133,2,1,35,0.003,0.892,3.519,0.009,1.003,9.572,1.535,9.549,292.791,9.556E-01,6.40E-01,6.07E-02,9.25E-01,3.17E-01,1.98E-03,2.15E-01,2.00E-03,1.87E-42,9.79E-01,7.99E-01,1.16E-01,9.87E-01,5.22E-01,2.85E-02,3.86E-01,1.59E-02,1.04E-41,69,133,1,1,35,60,29,-0.0471,0.0279,0.0334,-0.0025,-0.0055,0.1171,0.0079,-0.0407,0.0008,1.03356,0.05043,0.04636,0.00161,0.07045,0.14292,0.00311,0.04020,0.00033,-0.046,0.553,0.721,-1.535,-0.078,0.819,2.531,-1.013,2.528,9.64E-01,5.83E-01,4.74E-01,1.30E-01,9.38E-01,4.16E-01,1.40E-02,3.15E-01,1.41E-02,9.82E-01,8.81E-01,8.32E-01,2.47E-01,9.94E-01,6.59E-01,1.99E-01,5.59E-01,1.12E-01
GRIA4,69,133,2,1,35,20.007,0.939,4.853,0.018,4.463,12.288,9.276,7.282,389.170,7.716E-06,6.25E-01,2.76E-02,8.93E-01,3.46E-02,4.56E-04,2.32E-03,6.97E-03,2.34E-61,8.21E-05,7.89E-01,5.78E-02,9.81E-01,1.39E-01,1.69E-02,1.43E-02,3.09E-02,3.71E-60,69,133,1,1,35,60,29,-3.7227,0.0132,-0.0259,-0.0029,0.0076,0.2431,0.0088,0.0984,0.0007,1.01742,0.04971,0.04563,0.00159,0.06911,0.14069,0.00306,0.03949,0.00033,-3.659,0.265,-0.568,-1.802,0.111,1.728,2.868,2.491,2.207,5.36E-04,7.92E-01,5.72E-01,7.66E-02,9.12E-01,8.91E-02,5.70E-03,1.55E-02,3.11E-02,3.95E-03,9.33E-01,8.66E-01,1.57E-01,9.94E-01,3.42E-01,1.99E-01,8.60E-02,1.36E-01
GRIK1,69,133,2,1,35,4.494,5.484,43.998,8.272,3.855,0.817,0.541,4.059,192.907,3.401E-02,6.44E-02,3.29E-11,4.03E-03,4.96E-02,3.66E-01,4.62E-01,4.39E-02,9.99E-24,5.90E-02,3.02E-01,1.22E-09,2.23E-01,1.67E-01,4.95E-01,5.96E-01,1.16E-01,2.09E-23,69,133,1,1,35,60,29,-2.4086,-0.0799,-0.1162,-0.0117,-0.2232,0.3085,0.0031,-0.0325,0.0007,1.38890,0.06768,0.06231,0.00216,0.09489,0.19204,0.00419,0.05409,0.00045,-1.734,-1.180,-1.864,-5.426,-2.353,1.606,0.739,-0.602,1.648,8.80E-02,2.42E-01,6.72E-02,1.09E-06,2.19E-02,1.13E-01,4.62E-01,5.50E-01,1.05E-01,1.51E-01,5.99E-01,4.15E-01,4.03E-05,8.40E-01,3.60E-01,6.26E-01,6.99E-01,2.64E-01
GRIK2,69,133,2,1,35,16.792,6.076,2.569,0.499,3.175,10.771,0.351,7.835,250.018,4.171E-05,4.79E-02,1.09E-01,4.80E-01,7.48E-02,1.03E-03,5.53E-01,5.13E-03,2.74E-34,2.54E-04,2.96E-01,1.89E-01,7.86E-01,2.06E-01,2.36E-02,6.55E-01,2.84E-02,9.79E-34,69,133,1,1,35,60,29,-3.3146,0.0956,0.0213,-0.0020,-0.0389,0.1993,0.0080,0.0186,0.0007,0.98880,0.04828,0.04435,0.00155,0.06729,0.13674,0.00297,0.03842,0.00032,-3.352,1.980,0.480,-1.311,-0.578,1.458,2.685,0.485,2.290,1.39E-03,5.23E-02,6.33E-01,1.95E-01,5.65E-01,1.50E-01,9.37E-03,6.30E-01,2.56E-02,6.21E-03,5.99E-01,8.66E-01,3.33E-01,8.96E-01,4.05E-01,1.99E-01,7.28E-01,1.36E-01
GRIK4,69,133,2,1,35,9.474,4.056,25.746,2.092,0.228,2.654,1.073,0.740,228.442,2.084E-03,1.32E-01,3.89E-07,1.48E-01,6.33E-01,1.03E-01,3.00E-01,3.90E-01,3.03E-30,4.82E-03,4.03E-01,3.60E-06,5.99E-01,7.96E-01,2.12E-01,4.68E-01,5.21E-01,8.85E-30,69,133,1,1,35,60,29,-4.2378,0.1341,0.0400,-0.0108,-0.1364,0.0909,0.0068,0.0556,0.0004,1.68310,0.08184,0.07552,0.00261,0.11532,0.23264,0.00508,0.06564,0.00054,-2.518,1.638,0.530,-4.151,-1.183,0.391,1.333,0.847,0.704,1.45E-02,1.07E-01,5.98E-01,1.06E-04,2.41E-01,6.97E-01,1.88E-01,4.00E-01,4.84E-01,3.09E-02,5.99E-01,8.66E-01,9.83E-04,8.42E-01,8.66E-01,3.69E-01,6.17E-01,6.18E-01
GRIK5,69,133,2,1,35,0.585,4.032,22.480,0.267,0.084,1.104,7.033,0.485,240.507,4.443E-01,1.33E-01,2.12E-06,6.06E-01,7.73E-01,2.93E-01,8.00E-03,4.86E-01,1.69E-32,5.25E-01,4.03E-01,1.81E-05,8.51E-01,8.75E-01,4.28E-01,3.29E-02,5.93E-01,5.20E-32,69,133,1,1,35,60,29,0.6162,0.0506,0.0700,-0.0059,-0.0284,-0.0322,0.0026,-0.0832,0.0002,0.98488,0.04800,0.04418,0.00153,0.06725,0.13618,0.00297,0.03834,0.00032,0.626,1.055,1.585,-3.879,-0.422,-0.236,0.860,-2.169,0.570,5.34E-01,2.96E-01,1.18E-01,2.63E-04,6.74E-01,8.14E-01,3.93E-01,3.40E-02,5.71E-01,6.30E-01,5.99E-01,5.71E-01,2.16E-03,9.45E-01,9.20E-01,5.75E-01,1.26E-01,6.82E-01
GRIN1,69,133,2,1,35,10.980,3.702,2.783,1.135,0.238,5.740,4.397,8.139,199.542,9.208E-04,1.57E-01,9.53E-02,2.87E-01,6.25E-01,1.66E-02,3.60E-02,4.33E-03,6.29E-25,2.56E-03,4.37E-01,1.71E-01,6.68E-01,7.96E-01,7.51E-02,9.75E-02,2.53E-02,1.40E-24,69,133,1,1,35,60,29,2.6361,0.0466,0.0666,-0.0021,0.0579,0.0537,0.0057,-0.0649,0.0007,0.97247,0.04741,0.04363,0.00151,0.06638,0.13447,0.00293,0.03785,0.00031,2.711,0.983,1.528,-1.365,0.872,0.399,1.960,-1.715,2.334,8.74E-03,3.29E-01,1.32E-01,1.77E-01,3.87E-01,6.91E-01,5.47E-02,9.15E-02,2.30E-02,2.21E-02,6.30E-01,5.85E-01,3.18E-01,8.42E-01,8.66E-01,2.24E-01,2.42E-01,1.34E-01
GRIN2A,69,133,2,1,35,4.827,1.128,19.468,0.039,4.128,2.629,7.054,1.035,122.409,2.802E-02,5.69E-01,1.02E-05,8.44E-01,4.22E-02,1.05E-01,7.91E-03,3.09E-01,1.26E-11,5.10E-02,7.44E-01,7.10E-05,9.66E-01,1.56E-01,2.12E-01,3.29E-02,4.56E-01,1.65E-11,69,133,1,1,35,60,29,-2.3083,0.0541,0.0168,-0.0072,0.0141,0.2952,0.0051,0.1087,0.0003,1.28437,0.06258,0.05762,0.00200,0.08775,0.17758,0.00387,0.05002,0.00041,-1.797,0.865,0.291,-3.609,0.161,1.662,1.326,2.173,0.832,7.73E-02,3.90E-01,7.72E-01,6.27E-04,8.73E-01,1.02E-01,1.90E-01,3.38E-02,4.09E-01,1.41E-01,6.99E-01,9.17E-01,4.35E-03,9.94E-01,3.53E-01,3.69E-01,1.26E-01,5.98E-01
GRIN2B,69,133,2,1,35,0.011,3.637,36.535,0.255,0.827,2.576,0.332,7.405,157.662,9.170E-01,1.62E-01,1.50E-09,6.14E-01,3.63E-01,1.08E-01,5.64E-01,6.50E-03,1.69E-17,9.51E-01,4.37E-01,3.33E-08,8.51E-01,5.52E-01,2.15E-01,6.59E-01,3.07E-02,2.71E-17,69,133,1,1,35,60,29,-0.1194,0.1034,0.0605,-0.0107,-0.0396,0.1439,0.0055,0.0257,0.0010,1.39962,0.06813,0.06280,0.00217,0.09577,0.19349,0.00422,0.05455,0.00045,-0.085,1.518,0.963,-4.945,-0.413,0.744,1.313,0.471,2.226,9.32E-01,1.34E-01,3.39E-01,6.47E-06,6.81E-01,4.60E-01,1.94E-01,6.39E-01,2.98E-02,9.67E-01,5.99E-01,8.01E-01,1.44E-04,9.45E-01,6.87E-01,3.72E-01,7.31E-01,1.36E-01
GRIN2C,69,133,2,1,35,4.608,1.594,2.124,1.315,9.315,2.717,1.124,0.800,241.368,3.181E-02,4.51E-01,1.45E-01,2.52E-01,2.27E-03,9.93E-02,2.89E-01,3.71E-01,1.16E-32,5.61E-02,6.90E-01,2.42E-01,6.68E-01,3.80E-02,2.12E-01,4.68E-01,5.02E-01,3.69E-32,69,133,1,1,35,60,29,5.5838,-0.1584,-0.0789,-0.0059,-0.2042,-1.0974,-0.0129,-0.1075,0.0007,3.17969,0.15469,0.14267,0.00493,0.21774,0.43954,0.00959,0.12396,0.00102,1.756,-1.024,-0.553,-1.192,-0.938,-2.497,-1.348,-0.867,0.732,8.42E-02,3.10E-01,5.82E-01,2.38E-01,3.52E-01,1.53E-02,1.83E-01,3.89E-01,4.67E-01,1.48E-01,6.15E-01,8.66E-01,3.94E-01,8.42E-01,2.26E-01,3.69E-01,6.16E-01,6.11E-01
GRM1,69,133,2,1,35,25.281,3.434,4.152,0.858,4.284,3.461,14.194,0.202,88.574,4.955E-07,1.80E-01,4.16E-02,3.54E-01,3.85E-02,6.29E-02,1.65E-04,6.53E-01,1.55E-06,1.10E-05,4.53E-01,8.25E-02,7.02E-01,1.47E-01,1.52E-01,1.83E-03,7.33E-01,1.67E-06,69,133,1,1,35,60,29,-7.2407,0.1096,0.1008,-0.0046,0.0910,0.4122,0.0081,0.2111,0.0002,1.76036,0.08586,0.07897,0.00274,0.12007,0.24342,0.00530,0.06849,0.00057,-4.113,1.276,1.276,-1.667,0.758,1.693,1.522,3.082,0.367,1.21E-04,2.07E-01,2.07E-01,1.01E-01,4.52E-01,9.56E-02,1.33E-01,3.10E-03,7.15E-01,2.02E-03,5.99E-01,7.17E-01,1.96E-01,8.94E-01,3.42E-01,3.22E-01,3.11E-02,8.01E-01
GRM2,69,133,2,1,35,17.452,1.124,12.876,0.238,8.746,6.089,0.939,7.368,180.127,2.947E-05,5.70E-01,3.33E-04,6.26E-01,3.10E-03,1.36E-02,3.33E-01,6.64E-03,1.95E-21,2.04E-04,7.44E-01,1.27E-03,8.58E-01,3.83E-02,7.51E-02,4.99E-01,3.07E-02,3.80E-21,69,133,1,1,35,60,29,-7.1197,-0.0304,-0.0808,-0.0095,0.0570,0.6965,0.0127,0.0644,0.0015,2.08342,0.10119,0.09349,0.00322,0.14296,0.28792,0.00629,0.08130,0.00067,-3.417,-0.300,-0.865,-2.935,0.399,2.419,2.019,0.793,2.220,1.14E-03,7.65E-01,3.91E-01,4.72E-03,6.91E-01,1.86E-02,4.80E-02,4.31E-01,3.02E-02,6.03E-03,9.33E-01,8.32E-01,1.69E-02,9.48E-01,2.26E-01,2.24E-01,6.47E-01,1.36E-01
GRM3,69,133,2,1,35,10.264,0.305,18.519,0.781,1.595,0.097,13.939,20.322,232.261,1.356E-03,8.59E-01,1.68E-05,3.77E-01,2.07E-01,7.56E-01,1.89E-04,6.55E-06,5.89E-31,3.58E-03,8.99E-01,1.10E-04,7.15E-01,3.83E-01,8.39E-01,1.91E-03,3.63E-04,1.77E-30,69,133,1,1,35,60,29,-4.5673,-0.0382,-0.0169,-0.0095,-0.0861,0.2489,-0.0013,0.2074,0.0021,1.74271,0.08486,0.07819,0.00271,0.11918,0.24094,0.00526,0.06790,0.00056,-2.621,-0.451,-0.216,-3.520,-0.723,1.033,-0.254,3.054,3.688,1.11E-02,6.54E-01,8.30E-01,8.30E-04,4.73E-01,3.06E-01,8.00E-01,3.36E-03,4.89E-04,2.57E-02,8.96E-01,9.33E-01,5.12E-03,8.94E-01,5.56E-01,8.88E-01,3.11E-02,1.80E-02
GRM4,69,133,2,1,35,9.802,1.215,11.140,0.564,0.252,7.539,0.520,5.515,186.724,1.744E-03,5.45E-01,8.45E-04,4.52E-01,6.15E-01,6.04E-03,4.71E-01,1.89E-02,1.29E-22,4.12E-03,7.44E-01,2.97E-03,7.86E-01,7.94E-01,6.25E-02,6.01E-01,6.16E-02,2.61E-22,69,133,1,1,35,60,29,-4.4220,0.0216,0.0691,-0.0073,0.0724,0.0981,0.0117,-0.0396,0.0011,1.72662,0.08418,0.07746,0.00269,0.11786,0.23874,0.00520,0.06721,0.00056,-2.561,0.257,0.893,-2.730,0.615,0.411,2.246,-0.590,1.921,1.30E-02,7.98E-01,3.76E-01,8.29E-03,5.41E-01,6.83E-01,2.84E-02,5.57E-01,5.95E-02,2.82E-02,9.33E-01,8.32E-01,2.73E-02,8.96E-01,8.66E-01,2.24E-01,6.99E-01,1.83E-01
GRM5,69,133,2,1,35,13.527,7.291,5.137,0.771,2.409,2.031,24.536,0.151,197.286,2.352E-04,2.61E-02,2.34E-02,3.80E-01,1.21E-01,1.54E-01,7.29E-07,6.97E-01,1.61E-24,8.25E-04,2.41E-01,5.10E-02,7.15E-01,2.85E-01,2.71E-01,2.85E-05,7.59E-01,3.44E-24,69,133,1,1,35,60,29,-4.8045,0.1584,0.0043,-0.0046,-0.0781,0.2804,0.0056,0.2515,0.0002,1.59692,0.07796,0.07163,0.00250,0.10871,0.22083,0.00481,0.06207,0.00052,-3.009,2.032,0.060,-1.854,-0.718,1.270,1.166,4.052,0.318,3.83E-03,4.66E-02,9.52E-01,6.86E-02,4.75E-01,2.09E-01,2.48E-01,1.48E-04,7.52E-01,1.26E-02,5.99E-01,9.61E-01,1.47E-01,8.94E-01,4.84E-01,4.10E-01,5.48E-03,8.08E-01
GRM7,69,133,2,1,35,2.256,1.829,6.935,1.427,0.067,4.675,22.496,11.116,709.513,1.331E-01,4.01E-01,8.45E-03,2.32E-01,7.95E-01,3.06E-02,2.11E-06,8.56E-04,1.24E-126,1.82E-01,6.84E-01,2.09E-02,6.68E-01,8.83E-01,1.07E-01,5.84E-05,9.50E-03,1.38E-124,69,133,1,1,35,60,29,1.5900,-0.0697,-0.0245,-0.0043,0.0865,-0.0379,0.0069,-0.1956,0.0011,1.29414,0.06303,0.05806,0.00201,0.08848,0.17892,0.00390,0.05042,0.00042,1.229,-1.105,-0.422,-2.154,0.977,-0.212,1.769,-3.880,2.727,2.24E-01,2.73E-01,6.75E-01,3.53E-02,3.32E-01,8.33E-01,8.20E-02,2.62E-04,8.36E-03,3.05E-01,5.99E-01,8.81E-01,8.70E-02,8.42E-01,9.24E-01,2.59E-01,7.28E-03,9.28E-02
GRM8,69,133,2,1,35,30.406,2.361,2.067,0.053,5.516,9.501,6.003,1.871,254.282,3.505E-08,3.07E-01,1.51E-01,8.18E-01,1.88E-02,2.05E-03,1.43E-02,1.71E-01,4.28E-35,9.73E-07,6.09E-01,2.46E-01,9.45E-01,1.05E-01,2.85E-02,4.71E-02,3.03E-01,1.58E-34,69,133,1,1,35,60,29,-6.4963,0.0158,-0.0665,-0.0026,0.0186,0.3826,0.0109,0.1124,0.0005,1.44017,0.07018,0.06461,0.00224,0.09838,0.19913,0.00434,0.05608,0.00047,-4.511,0.225,-1.029,-1.176,0.189,1.921,2.521,2.004,1.119,3.06E-05,8.23E-01,3.08E-01,2.44E-01,8.51E-01,5.95E-02,1.44E-02,4.96E-02,2.68E-01,8.50E-04,9.41E-01,7.91E-01,3.99E-01,9.84E-01,3.22E-01,1.99E-01,1.57E-01,4.50E-01
HOMER1,69,133,2,1,35,3.621,6.379,87.282,0.002,9.223,0.850,0.226,12.778,472.184,5.705E-02,4.12E-02,9.41E-21,9.61E-01,2.39E-03,3.57E-01,6.35E-01,3.51E-04,5.26E-78,8.92E-02,2.69E-01,1.04E-18,9.87E-01,3.80E-02,4.95E-01,7.06E-01,5.56E-03,1.95E-76,69,133,1,1,35,60,29,-2.1964,-0.0297,-0.1276,-0.0168,-0.0039,0.4846,0.0032,-0.0214,0.0013,1.41095,0.06870,0.06330,0.00219,0.09651,0.19507,0.00426,0.05498,0.00045,-1.557,-0.432,-2.016,-7.642,-0.040,2.484,0.754,-0.389,2.924,1.25E-01,6.67E-01,4.83E-02,2.00E-10,9.68E-01,1.58E-02,4.54E-01,6.99E-01,4.87E-03,1.92E-01,9.03E-01,3.35E-01,2.22E-08,9.94E-01,2.26E-01,6.26E-01,7.77E-01,7.72E-02
HOMER2,69,133,2,1,35,4.696,3.588,29.818,2.661,0.752,4.226,6.340,5.943,212.489,3.022E-02,1.66E-01,4.74E-08,1.03E-01,3.86E-01,3.98E-02,1.18E-02,1.48E-02,2.71E-27,5.41E-02,4.37E-01,5.85E-07,5.69E-01,5.64E-01,1.23E-01,4.32E-02,5.77E-02,7.33E-27,69,133,1,1,35,60,29,-2.1081,0.0857,0.0104,-0.0083,-0.1084,0.1166,0.0060,-0.0954,0.0008,1.18910,0.05796,0.05335,0.00185,0.08120,0.16442,0.00358,0.04629,0.00038,-1.773,1.478,0.195,-4.467,-1.334,0.709,1.682,-2.060,1.994,8.13E-02,1.45E-01,8.46E-01,3.57E-05,1.87E-01,4.81E-01,9.78E-02,4.38E-02,5.07E-02,1.46E-01,5.99E-01,9.33E-01,3.96E-04,8.42E-01,6.93E-01,2.83E-01,1.49E-01,1.83E-01
GFAP,69,133,2,1,35,11.709,6.593,6.161,0.155,3.608,1.923,7.419,0.141,71.294,6.221E-04,3.70E-02,1.31E-02,6.94E-01,5.75E-02,1.65E-01,6.45E-03,7.07E-01,2.81E-04,1.89E-03,2.57E-01,3.15E-02,9.03E-01,1.88E-01,2.78E-01,2.98E-02,7.60E-01,0.000291028,69,133,1,1,35,60,29,13.1726,0.2556,0.4399,0.0148,-0.1042,-1.0102,-0.0161,-0.4094,-0.0005,4.70598,0.22827,0.21119,0.00727,0.32335,0.65018,0.01422,0.18374,0.00151,2.799,1.120,2.083,2.030,-0.322,-1.554,-1.134,-2.228,-0.307,6.88E-03,2.67E-01,4.15E-02,4.68E-02,7.48E-01,1.26E-01,2.61E-01,2.96E-02,7.60E-01,1.88E-02,5.99E-01,3.35E-01,1.10E-01,9.48E-01,3.87E-01,4.13E-01,1.26E-01,8.08E-01
ITPR1,69,133,2,1,35,0.247,1.635,2.458,0.161,0.492,4.933,0.735,4.310,265.524,6.191E-01,4.41E-01,1.17E-01,6.88E-01,4.83E-01,2.63E-02,3.91E-01,3.79E-02,3.14E-37,6.87E-01,6.90E-01,2.00E-01,9.03E-01,6.70E-01,1.01E-01,5.47E-01,1.11E-01,1.34E-36,69,133,1,1,35,60,29,-0.4522,0.0469,-0.0088,-0.0022,0.0249,0.0882,0.0061,-0.0303,0.0006,1.11217,0.05428,0.04989,0.00174,0.07577,0.15380,0.00335,0.04325,0.00036,-0.407,0.863,-0.176,-1.282,0.329,0.574,1.817,-0.701,1.698,6.86E-01,3.91E-01,8.61E-01,2.05E-01,7.44E-01,5.68E-01,7.42E-02,4.86E-01,9.46E-02,7.61E-01,6.99E-01,9.33E-01,3.44E-01,9.48E-01,7.89E-01,2.57E-01,6.68E-01,2.64E-01
MAPK1,69,133,2,1,35,1.117,11.189,14.386,0.056,3.071,1.340,2.081,1.338,279.677,2.906E-01,3.72E-03,1.49E-04,8.13E-01,7.97E-02,2.47E-01,1.49E-01,2.47E-01,6.21E-40,3.71E-01,6.88E-02,6.61E-04,9.45E-01,2.06E-01,3.71E-01,2.96E-01,3.92E-01,2.87E-39,69,133,1,1,35,60,29,-0.9173,0.1353,0.0869,-0.0051,0.0140,0.2103,0.0030,0.0487,0.0003,1.06102,0.05176,0.04760,0.00165,0.07235,0.14672,0.00320,0.04128,0.00034,-0.865,2.615,1.825,-3.103,0.194,1.434,0.947,1.180,0.946,3.91E-01,1.13E-02,7.30E-02,2.92E-03,8.47E-01,1.57E-01,3.48E-01,2.43E-01,3.48E-01,4.87E-01,3.13E-01,4.26E-01,1.20E-02,9.84E-01,4.05E-01,5.21E-01,4.72E-01,5.44E-01
NSF,69,133,2,1,35,4.228,10.004,0.092,3.378,0.140,5.349,0.224,5.942,298.214,3.976E-02,6.72E-03,7.61E-01,6.61E-02,7.08E-01,2.07E-02,6.36E-01,1.48E-02,1.68E-43,6.67E-02,1.07E-01,8.32E-01,5.59E-01,8.36E-01,8.52E-02,7.06E-01,5.77E-02,9.79E-43,69,133,1,1,35,60,29,1.7003,0.1103,0.0959,-0.0004,0.1037,-0.0428,0.0058,-0.0152,0.0007,1.01084,0.04929,0.04535,0.00158,0.06896,0.13978,0.00304,0.03933,0.00033,1.682,2.238,2.115,-0.248,1.504,-0.306,1.892,-0.387,1.994,9.78E-02,2.89E-02,3.86E-02,8.05E-01,1.38E-01,7.61E-01,6.33E-02,7.00E-01,5.07E-02,1.61E-01,5.35E-01,3.35E-01,8.79E-01,8.42E-01,8.96E-01,2.42E-01,7.77E-01,1.83E-01
P2RX7,69,133,2,1,35,0.550,4.932,0.045,2.515,1.269,0.015,0.547,0.208,162.359,4.582E-01,8.49E-02,8.33E-01,1.13E-01,2.60E-01,9.04E-01,4.59E-01,6.49E-01,2.60E-18,5.30E-01,3.26E-01,8.89E-01,5.69E-01,4.44E-01,9.46E-01,5.96E-01,7.33E-01,4.37E-18,69,133,1,1,35,60,29,-1.3798,-0.0585,0.1384,-0.0006,-0.2020,-0.2897,0.0007,0.0536,0.0003,2.27396,0.11062,0.10203,0.00353,0.15573,0.31434,0.00686,0.08866,0.00073,-0.607,-0.529,1.356,-0.173,-1.297,-0.922,0.099,0.605,0.373,5.46E-01,5.99E-01,1.80E-01,8.63E-01,2.00E-01,3.60E-01,9.21E-01,5.47E-01,7.11E-01,6.32E-01,8.81E-01,6.89E-01,9.21E-01,8.42E-01,6.06E-01,9.65E-01,6.99E-01,8.01E-01
PHGDH,69,133,2,1,35,0.316,0.349,0.264,1.787,1.817,3.929,1.478,3.854,83.720,5.743E-01,8.40E-01,6.07E-01,1.81E-01,1.78E-01,4.75E-02,2.24E-01,4.96E-02,7.17E-06,6.50E-01,8.89E-01,7.22E-01,6.10E-01,3.59E-01,1.28E-01,3.88E-01,1.25E-01,7.50E-06,69,133,1,1,35,60,29,1.0140,0.0044,0.0450,-0.0014,0.1645,-0.3365,-0.0108,-0.0854,0.0011,2.20665,0.10765,0.09898,0.00344,0.15045,0.30514,0.00664,0.08584,0.00071,0.460,0.041,0.455,-0.421,1.094,-1.103,-1.621,-0.994,1.606,6.48E-01,9.67E-01,6.51E-01,6.76E-01,2.79E-01,2.75E-01,1.10E-01,3.24E-01,1.14E-01,7.33E-01,1.00E+00,8.71E-01,7.94E-01,8.42E-01,5.35E-01,2.86E-01,5.59E-01,2.74E-01
AQP4,69,133,2,1,35,23.790,0.586,0.376,0.006,18.850,10.714,2.510,2.241,155.766,1.075E-06,7.46E-01,5.40E-01,9.38E-01,1.41E-05,1.06E-03,1.13E-01,1.34E-01,3.58E-17,1.99E-05,8.45E-01,6.52E-01,9.87E-01,1.57E-03,2.36E-02,2.46E-01,2.66E-01,5.67E-17,69,133,1,1,35,60,29,14.0672,0.0450,0.0991,0.0027,-0.0153,-1.7303,-0.0285,-0.1783,0.0014,3.52570,0.17117,0.15822,0.00545,0.24203,0.48720,0.01065,0.13760,0.00113,3.990,0.263,0.626,0.501,-0.063,-3.552,-2.678,-1.296,1.225,1.82E-04,7.93E-01,5.33E-01,6.18E-01,9.50E-01,7.52E-04,9.55E-03,2.00E-01,2.25E-01,2.02E-03,9.33E-01,8.46E-01,7.46E-01,9.94E-01,8.35E-02,1.99E-01,4.27E-01,4.24E-01
GJA1,69,133,2,1,35,14.264,0.682,0.090,1.164,12.437,6.190,0.188,3.661,243.500,1.589E-04,7.11E-01,7.65E-01,2.81E-01,4.21E-04,1.28E-02,6.64E-01,5.57E-02,4.62E-33,6.30E-04,8.31E-01,8.32E-01,6.68E-01,2.34E-02,7.51E-02,7.30E-01,1.34E-01,1.51E-32,69,133,1,1,35,60,29,10.8866,-0.1076,-0.0772,0.0013,-0.2134,-1.4048,-0.0217,-0.0488,0.0018,3.52374,0.17110,0.15813,0.00545,0.24184,0.48694,0.01064,0.13751,0.00113,3.090,-0.629,-0.488,0.245,-0.882,-2.885,-2.035,-0.355,1.565,3.04E-03,5.32E-01,6.27E-01,8.07E-01,3.81E-01,5.43E-03,4.62E-02,7.24E-01,1.23E-01,1.12E-02,8.20E-01,8.66E-01,8.79E-01,8.42E-01,2.26E-01,2.24E-01,7.95E-01,2.84E-01
S100B,69,133,2,1,35,0.139,1.260,0.662,0.143,0.005,0.829,0.791,0.845,157.741,7.095E-01,5.32E-01,4.16E-01,7.05E-01,9.44E-01,3.63E-01,3.74E-01,3.58E-01,1.63E-17,7.72E-01,7.39E-01,5.31E-01,9.03E-01,9.61E-01,4.95E-01,5.46E-01,4.91E-01,2.67E-17,69,133,1,1,35,60,29,0.8273,0.0003,0.1017,0.0028,0.0576,0.0216,-0.0061,-0.0770,0.0007,2.71434,0.13191,0.12180,0.00420,0.18612,0.37515,0.00820,0.10588,0.00087,0.305,0.002,0.835,0.666,0.309,0.058,-0.745,-0.727,0.752,7.62E-01,9.98E-01,4.07E-01,5.08E-01,7.58E-01,9.54E-01,4.59E-01,4.70E-01,4.55E-01,8.29E-01,1.00E+00,8.32E-01,6.48E-01,9.48E-01,9.68E-01,6.26E-01,6.68E-01,6.11E-01
SHANK2,69,133,2,1,35,0.001,2.111,40.668,1.285,2.546,10.360,17.149,9.266,336.105,9.821E-01,3.48E-01,1.80E-10,2.57E-01,1.11E-01,1.29E-03,3.46E-05,2.33E-03,7.04E-51,9.82E-01,6.34E-01,5.01E-09,6.68E-01,2.73E-01,2.38E-02,4.98E-04,1.73E-02,5.58E-50,69,133,1,1,35,60,29,0.0199,0.0609,0.0112,-0.0088,-0.0687,0.1954,0.0086,-0.1429,0.0009,1.08280,0.05273,0.04858,0.00168,0.07404,0.14970,0.00326,0.04218,0.00035,0.018,1.155,0.230,-5.217,-0.927,1.305,2.633,-3.388,2.490,9.85E-01,2.52E-01,8.19E-01,2.38E-06,3.57E-01,1.97E-01,1.07E-02,1.25E-03,1.56E-02,9.85E-01,5.99E-01,9.33E-01,6.60E-05,8.42E-01,4.74E-01,1.99E-01,1.77E-02,1.15E-01
SLC17A6,69,133,2,1,35,2.242,0.226,1.140,13.103,0.078,0.658,2.642,2.114,122.175,1.343E-01,8.93E-01,2.86E-01,2.95E-04,7.80E-01,4.17E-01,1.04E-01,1.46E-01,1.38E-11,1.82E-01,9.09E-01,4.00E-01,3.27E-02,8.75E-01,5.38E-01,2.31E-01,2.78E-01,1.78E-11,69,133,1,1,35,60,29,-2.7084,0.0158,0.0386,0.0030,0.4483,-0.0697,0.0044,-0.1146,0.0008,2.21111,0.10757,0.09921,0.00343,0.15141,0.30565,0.00667,0.08620,0.00071,-1.225,0.147,0.389,0.873,2.961,-0.228,0.664,-1.330,1.189,2.25E-01,8.84E-01,6.99E-01,3.86E-01,4.39E-03,8.20E-01,5.09E-01,1.89E-01,2.39E-01,3.05E-01,9.75E-01,8.81E-01,5.37E-01,4.87E-01,9.20E-01,6.43E-01,4.11E-01,4.32E-01
SLC17A7,69,133,2,1,35,0.071,1.353,22.244,0.122,1.909,1.258,0.643,5.634,366.073,7.901E-01,5.08E-01,2.40E-06,7.27E-01,1.67E-01,2.62E-01,4.22E-01,1.76E-02,8.88E-57,8.45E-01,7.24E-01,1.90E-05,9.03E-01,3.48E-01,3.88E-01,5.64E-01,6.16E-02,8.96E-56,69,133,1,1,35,60,29,-0.3762,0.0797,0.0384,-0.0104,-0.0336,0.2700,0.0048,-0.0440,-0.0011,1.72752,0.08435,0.07748,0.00270,0.11756,0.23889,0.00520,0.06713,0.00056,-0.218,0.945,0.495,-3.858,-0.286,1.130,0.917,-0.656,-1.942,8.28E-01,3.48E-01,6.22E-01,2.82E-04,7.76E-01,2.63E-01,3.63E-01,5.14E-01,5.69E-02,8.86E-01,6.56E-01,8.66E-01,2.16E-03,9.48E-01,5.21E-01,5.37E-01,6.85E-01,1.83E-01
SLC17A8,69,133,2,1,35,41.704,2.092,28.206,0.191,2.059,2.212,27.794,0.013,128.689,1.062E-10,3.51E-01,1.09E-07,6.62E-01,1.51E-01,1.37E-01,1.35E-07,9.09E-01,1.23E-12,5.89E-09,6.34E-01,1.14E-06,8.96E-01,3.29E-01,2.53E-01,1.50E-05,9.17E-01,1.70E-12,69,133,1,1,35,60,29,-9.9314,0.0447,-0.0655,-0.0128,-0.0457,0.3052,0.0069,0.3150,-0.0001,1.87996,0.09181,0.08432,0.00294,0.12788,0.25997,0.00565,0.07304,0.00061,-5.283,0.487,-0.777,-4.345,-0.357,1.174,1.217,4.313,-0.094,1.86E-06,6.28E-01,4.40E-01,5.47E-05,7.22E-01,2.45E-01,2.29E-01,6.11E-05,9.26E-01,6.89E-05,8.82E-01,8.32E-01,5.52E-04,9.48E-01,5.15E-01,4.03E-01,3.39E-03,9.34E-01
SLC1A1,69,133,2,1,35,11.682,5.541,7.526,0.015,3.096,0.005,1.458,0.136,205.341,6.310E-04,6.26E-02,6.08E-03,9.03E-01,7.85E-02,9.43E-01,2.27E-01,7.12E-01,5.52E-26,1.89E-03,3.02E-01,1.58E-02,9.83E-01,2.06E-01,9.69E-01,3.88E-01,7.60E-01,1.33E-25,69,133,1,1,35,60,29,-3.6785,0.0695,-0.0588,-0.0046,-0.0089,0.2619,0.0002,0.0505,0.0001,1.31565,0.06422,0.05901,0.00206,0.08959,0.18193,0.00396,0.05114,0.00043,-2.796,1.082,-0.996,-2.244,-0.099,1.439,0.059,0.988,0.302,6.94E-03,2.84E-01,3.23E-01,2.85E-02,9.21E-01,1.55E-01,9.54E-01,3.27E-01,7.64E-01,1.88E-02,5.99E-01,7.91E-01,7.39E-02,9.94E-01,4.05E-01,9.77E-01,5.59E-01,8.08E-01
SLC1A2,69,133,2,1,35,12.717,1.580,1.111,0.511,4.444,3.753,0.012,7.568,88.717,3.623E-04,4.54E-01,2.92E-01,4.75E-01,3.50E-02,5.27E-02,9.12E-01,5.94E-03,1.48E-06,1.22E-03,6.90E-01,4.00E-01,7.86E-01,1.39E-01,1.33E-01,9.29E-01,3.07E-02,1.62E-06,69,133,1,1,35,60,29,9.2968,-0.0428,-0.1452,-0.0043,-0.1278,-0.7595,-0.0153,-0.0112,0.0023,3.18691,0.15479,0.14301,0.00493,0.21867,0.44042,0.00963,0.12436,0.00102,2.917,-0.277,-1.015,-0.862,-0.585,-1.725,-1.585,-0.090,2.250,4.96E-03,7.83E-01,3.14E-01,3.92E-01,5.61E-01,8.98E-02,1.18E-01,9.28E-01,2.81E-02,1.57E-02,9.33E-01,7.91E-01,5.37E-01,8.96E-01,3.42E-01,2.92E-01,9.45E-01,1.36E-01
SLC1A3,69,133,2,1,35,19.802,0.713,1.025,0.642,8.921,7.152,3.029,4.736,175.039,8.591E-06,7.00E-01,3.11E-01,4.23E-01,2.82E-03,7.49E-03,8.18E-02,2.95E-02,1.56E-20,8.21E-05,8.27E-01,4.21E-01,7.69E-01,3.83E-02,6.39E-02,1.97E-01,8.99E-02,2.88E-20,69,133,1,1,35,60,29,11.7101,-0.0535,-0.0994,-0.0041,-0.1448,-1.0861,-0.0213,-0.1788,0.0018,3.21692,0.15613,0.14436,0.00497,0.22090,0.44450,0.00972,0.12557,0.00103,3.640,-0.343,-0.688,-0.828,-0.656,-2.443,-2.188,-1.424,1.780,5.69E-04,7.33E-01,4.94E-01,4.11E-01,5.15E-01,1.75E-02,3.26E-02,1.60E-01,8.01E-02,3.95E-03,9.33E-01,8.36E-01,5.41E-01,8.96E-01,2.26E-01,2.24E-01,3.81E-01,2.40E-01
SLC1A6,69,133,2,1,35,16.839,0.714,22.120,0.000,3.141,4.156,1.691,0.924,121.850,4.070E-05,7.00E-01,2.56E-06,9.94E-01,7.63E-02,4.15E-02,1.93E-01,3.37E-01,1.55E-11,2.54E-04,8.27E-01,1.90E-05,9.94E-01,2.06E-01,1.23E-01,3.58E-01,4.67E-01,1.98E-11,69,133,1,1,35,60,29,-5.8157,-0.0584,-0.0231,-0.0104,0.0007,0.3473,0.0087,0.0718,0.0004,1.73248,0.08442,0.07772,0.00270,0.11836,0.23954,0.00522,0.06747,0.00056,-3.357,-0.691,-0.297,-3.847,0.006,1.450,1.668,1.064,0.786,1.37E-03,4.92E-01,7.68E-01,2.92E-04,9.95E-01,1.52E-01,1.01E-01,2.92E-01,4.35E-01,6.21E-03,7.69E-01,9.17E-01,2.16E-03,9.95E-01,4.05E-01,2.83E-01,5.31E-01,6.03E-01
SLC32A1,69,133,2,1,35,16.525,2.848,14.003,2.979,5.923,0.002,10.188,5.806,243.743,4.801E-05,2.41E-01,1.82E-04,8.43E-02,1.49E-02,9.66E-01,1.41E-03,1.60E-02,4.16E-33,2.54E-04,5.04E-01,7.50E-04,5.69E-01,9.59E-02,9.74E-01,9.23E-03,5.91E-02,1.40E-32,69,133,1,1,35,60,29,-5.9428,-0.0132,-0.1050,-0.0085,-0.1720,0.4920,-0.0002,0.1815,-0.0011,1.78701,0.08718,0.08016,0.00279,0.12183,0.24711,0.00538,0.06951,0.00058,-3.326,-0.152,-1.310,-3.061,-1.412,1.991,-0.035,2.611,-1.971,1.51E-03,8.80E-01,1.95E-01,3.30E-03,1.63E-01,5.10E-02,9.72E-01,1.14E-02,5.33E-02,6.21E-03,9.75E-01,7.17E-01,1.31E-02,8.42E-01,3.22E-01,9.77E-01,7.02E-02,1.83E-01
SLC38A1,69,133,2,1,35,11.776,8.184,0.178,3.668,5.759,0.017,8.620,2.353,385.824,6.001E-04,1.67E-02,6.73E-01,5.55E-02,1.64E-02,8.96E-01,3.33E-03,1.25E-01,1.08E-60,1.89E-03,1.85E-01,7.69E-01,5.59E-01,9.59E-02,9.46E-01,1.76E-02,2.60E-01,1.50E-59,69,133,1,1,35,60,29,-4.5127,0.1316,-0.0562,0.0009,-0.1719,0.4364,0.0005,0.1503,0.0007,1.60755,0.07838,0.07211,0.00250,0.10970,0.22228,0.00484,0.06256,0.00052,-2.807,1.679,-0.779,0.345,-1.567,1.963,0.107,2.402,1.255,6.73E-03,9.84E-02,4.39E-01,7.31E-01,1.22E-01,5.43E-02,9.15E-01,1.94E-02,2.14E-01,1.88E-02,5.99E-01,8.32E-01,8.28E-01,8.42E-01,3.22E-01,9.65E-01,9.80E-02,4.24E-01
SLC6A1,69,133,2,1,35,5.752,0.260,7.006,0.001,0.026,0.703,0.451,4.103,94.556,1.647E-02,8.78E-01,8.12E-03,9.82E-01,8.71E-01,4.02E-01,5.02E-01,4.28E-02,2.22E-07,3.10E-02,9.03E-01,2.05E-02,9.91E-01,9.45E-01,5.25E-01,6.26E-01,1.16E-01,2.46E-07,69,133,1,1,35,60,29,2.8306,-0.0278,-0.0185,-0.0048,0.0018,-0.0264,0.0030,-0.0309,0.0008,1.44272,0.07016,0.06473,0.00224,0.09883,0.19942,0.00435,0.05626,0.00046,1.962,-0.396,-0.285,-2.165,0.019,-0.133,0.686,-0.549,1.657,5.44E-02,6.94E-01,7.76E-01,3.44E-02,9.85E-01,8.95E-01,4.96E-01,5.85E-01,1.03E-01,1.02E-01,9.17E-01,9.17E-01,8.67E-02,9.94E-01,9.55E-01,6.34E-01,7.10E-01,2.64E-01
SLC6A11,69,133,2,1,35,3.305,4.414,0.006,1.945,3.135,1.037,12.960,0.189,280.051,6.909E-02,1.10E-01,9.37E-01,1.63E-01,7.66E-02,3.09E-01,3.18E-04,6.64E-01,5.27E-40,1.05E-01,3.82E-01,9.54E-01,6.05E-01,2.06E-01,4.45E-01,2.59E-03,7.37E-01,2.54E-39,69,133,1,1,35,60,29,3.7200,0.1899,-0.0014,0.0003,-0.1946,-0.5010,-0.0063,-0.2866,0.0003,2.50151,0.12202,0.11221,0.00390,0.17059,0.34591,0.00753,0.09732,0.00081,1.487,1.556,-0.013,0.064,-1.141,-1.448,-0.833,-2.945,0.356,1.42E-01,1.25E-01,9.90E-01,9.49E-01,2.58E-01,1.53E-01,4.08E-01,4.59E-03,7.23E-01,2.13E-01,5.99E-01,9.90E-01,9.66E-01,8.42E-01,4.05E-01,5.88E-01,3.60E-02,8.03E-01
SLC6A12,69,133,2,1,35,16.666,1.152,1.114,0.996,7.666,3.859,0.881,1.630,168.648,4.456E-05,5.62E-01,2.91E-01,3.18E-01,5.63E-03,4.95E-02,3.48E-01,2.02E-01,2.08E-19,2.54E-04,7.44E-01,4.00E-01,6.68E-01,5.68E-02,1.28E-01,5.15E-01,3.44E-01,3.72E-19,69,133,1,1,35,60,29,-6.5336,-0.0114,-0.0737,-0.0026,-0.1096,0.6123,0.0095,-0.0586,0.0007,1.95642,0.09501,0.08779,0.00303,0.13425,0.27036,0.00591,0.07634,0.00063,-3.340,-0.120,-0.840,-0.863,-0.816,2.265,1.607,-0.768,1.044,1.45E-03,9.05E-01,4.04E-01,3.91E-01,4.18E-01,2.71E-02,1.13E-01,4.46E-01,3.01E-01,6.21E-03,9.75E-01,8.32E-01,5.37E-01,8.58E-01,2.51E-01,2.86E-01,6.51E-01,4.98E-01
SLC6A13,69,133,2,1,35,6.165,2.166,8.918,3.640,1.290,0.713,0.014,1.017,101.664,1.303E-02,3.39E-01,2.82E-03,5.64E-02,2.56E-01,3.99E-01,9.07E-01,3.13E-01,2.03E-08,2.54E-02,6.34E-01,8.71E-03,5.59E-01,4.44E-01,5.25E-01,9.29E-01,4.56E-01,2.32E-08,69,133,1,1,35,60,29,-5.7237,0.1101,-0.0599,-0.0114,-0.3018,0.3614,0.0059,-0.0106,-0.0008,2.82337,0.13726,0.12741,0.00467,0.19374,0.38969,0.00862,0.11100,0.00092,-2.027,0.802,-0.470,-2.438,-1.558,0.927,0.689,-0.095,-0.823,4.72E-02,4.26E-01,6.40E-01,1.78E-02,1.25E-01,3.57E-01,4.93E-01,9.24E-01,4.14E-01,9.03E-02,7.18E-01,8.66E-01,5.30E-02,8.42E-01,6.06E-01,6.34E-01,9.45E-01,5.98E-01
SLC7A11,69,133,2,1,35,5.338,1.596,1.876,0.001,8.209,5.651,1.498,10.118,334.395,2.086E-02,4.50E-01,1.71E-01,9.72E-01,4.17E-03,1.74E-02,2.21E-01,1.47E-03,1.52E-50,3.86E-02,6.90E-01,2.71E-01,9.90E-01,4.63E-02,7.51E-02,3.88E-01,1.39E-02,1.11E-49,69,133,1,1,35,60,29,5.9925,-0.1530,-0.0963,0.0055,-0.0062,-1.0271,-0.0186,-0.1238,0.0027,3.17063,0.15415,0.14227,0.00491,0.21730,0.43824,0.00957,0.12366,0.00102,1.890,-0.993,-0.677,1.120,-0.028,-2.344,-1.945,-1.001,2.602,6.36E-02,3.25E-01,5.01E-01,2.67E-01,9.77E-01,2.24E-02,5.65E-02,3.21E-01,1.17E-02,1.18E-01,6.30E-01,8.36E-01,4.23E-01,9.94E-01,2.26E-01,2.24E-01,5.59E-01,1.09E-01
SNCA,69,133,2,1,35,0.263,8.250,1.290,0.305,5.158,8.665,0.005,9.543,153.935,6.077E-01,1.62E-02,2.56E-01,5.81E-01,2.31E-02,3.24E-03,9.45E-01,2.01E-03,7.38E-17,6.81E-01,1.85E-01,3.69E-01,8.51E-01,1.11E-01,4.00E-02,9.54E-01,1.59E-02,1.14E-16,69,133,1,1,35,60,29,-0.4611,0.1015,0.1012,-0.0016,0.0338,0.2821,0.0080,0.0024,0.0009,1.09806,0.05355,0.04926,0.00171,0.07491,0.15184,0.00331,0.04273,0.00036,-0.420,1.896,2.054,-0.929,0.452,1.858,2.408,0.056,2.527,6.76E-01,6.28E-02,4.44E-02,3.56E-01,6.53E-01,6.81E-02,1.91E-02,9.55E-01,1.42E-02,7.58E-01,5.99E-01,3.35E-01,5.07E-01,9.29E-01,3.22E-01,2.24E-01,9.64E-01,1.12E-01
SRR,69,133,2,1,35,20.483,4.907,4.309,1.941,5.802,0.002,4.725,1.242,267.165,6.015E-06,8.60E-02,3.79E-02,1.64E-01,1.60E-02,9.62E-01,2.97E-02,2.65E-01,1.53E-37,7.42E-05,3.26E-01,7.79E-02,6.05E-01,9.59E-02,9.74E-01,8.46E-02,4.09E-01,6.79E-37,69,133,1,1,35,60,29,-6.1689,0.1388,0.0127,-0.0047,-0.1274,0.4560,0.0002,-0.1145,0.0005,1.68252,0.08237,0.07626,0.00277,0.11285,0.23371,0.00526,0.06505,0.00055,-3.666,1.685,0.167,-1.682,-1.129,1.951,0.038,-1.761,0.903,5.42E-04,9.75E-02,8.68E-01,9.81E-02,2.64E-01,5.59E-02,9.70E-01,8.36E-02,3.70E-01,3.95E-03,5.99E-01,9.33E-01,1.94E-01,8.42E-01,3.22E-01,9.77E-01,2.32E-01,5.70E-01
ADRB1,69,154,2,1,19,0.337,0.954,5.613,1.078,0.152,2.295,4.025,1.800,100.659,5.617E-01,6.21E-01,1.78E-02,2.99E-01,6.97E-01,1.30E-01,4.48E-02,1.80E-01,4.07E-13,6.43E-01,7.89E-01,4.05E-02,6.68E-01,8.31E-01,2.44E-01,1.16E-01,3.12E-01,5.79E-13,69,154,1,1,19,60,66,-0.7597,-0.0102,0.0556,-0.0049,0.1009,-0.0739,0.0063,-0.1084,0.0006,1.44727,0.07821,0.07314,0.00230,0.10744,0.20954,0.00458,0.05971,0.00051,-0.525,-0.130,0.761,-2.143,0.939,-0.353,1.370,-1.815,1.213,6.01E-01,8.97E-01,4.50E-01,3.62E-02,3.52E-01,7.26E-01,1.76E-01,7.46E-02,2.30E-01,6.88E-01,9.75E-01,8.32E-01,8.73E-02,8.42E-01,8.66E-01,3.68E-01,2.12E-01,4.25E-01
ADRB2,69,154,2,1,19,1.292,2.013,11.003,3.470,1.890,4.053,6.022,1.866,182.522,2.558E-01,3.66E-01,9.10E-04,6.25E-02,1.69E-01,4.41E-02,1.41E-02,1.72E-01,9.85E-29,3.30E-01,6.34E-01,3.06E-03,5.59E-01,3.48E-01,1.25E-01,4.71E-02,3.03E-01,2.73E-28,69,154,1,1,19,60,66,2.1161,-0.1181,-0.1101,-0.0098,-0.2499,-0.3678,-0.0115,-0.1858,-0.0009,2.05856,0.11018,0.10281,0.00327,0.14832,0.29578,0.00631,0.08369,0.00070,1.028,-1.072,-1.071,-3.000,-1.685,-1.243,-1.821,-2.220,-1.236,3.08E-01,2.88E-01,2.89E-01,3.92E-03,9.72E-02,2.19E-01,7.36E-02,3.02E-02,2.21E-01,4.02E-01,5.99E-01,7.81E-01,1.48E-02,8.42E-01,4.87E-01,2.57E-01,1.26E-01,4.24E-01
COMT,69,154,2,1,19,0.001,0.731,0.012,0.025,0.773,5.033,0.349,1.274,92.898,9.701E-01,6.94E-01,9.14E-01,8.74E-01,3.79E-01,2.49E-02,5.55E-01,2.59E-01,1.01E-11,9.79E-01,8.27E-01,9.48E-01,9.80E-01,5.62E-01,9.86E-02,6.55E-01,4.05E-01,1.34E-11,69,154,1,1,19,60,66,-0.0651,0.0518,0.0714,-0.0003,-0.0205,-0.2212,-0.0123,-0.0424,-0.0007,1.91788,0.10379,0.09723,0.00304,0.14328,0.27814,0.00608,0.07929,0.00067,-0.034,0.499,0.735,-0.098,-0.143,-0.795,-2.029,-0.535,-1.021,9.73E-01,6.20E-01,4.65E-01,9.23E-01,8.87E-01,4.30E-01,4.69E-02,5.95E-01,3.11E-01,9.82E-01,8.82E-01,8.32E-01,9.57E-01,9.94E-01,6.68E-01,2.24E-01,7.10E-01,5.01E-01
DBH,69,154,2,1,19,9.340,5.623,2.116,0.496,0.015,2.490,0.356,5.907,146.739,2.242E-03,6.01E-02,1.46E-01,4.81E-01,9.02E-01,1.15E-01,5.51E-01,1.51E-02,9.31E-22,5.08E-03,3.02E-01,2.42E-01,7.86E-01,9.45E-01,2.23E-01,6.55E-01,5.77E-02,1.85E-21,69,154,1,1,19,60,66,-6.5536,0.1376,0.2527,0.0050,0.1097,0.0380,0.0105,0.0523,-0.0018,2.37070,0.12726,0.11881,0.00377,0.17220,0.34133,0.00735,0.09687,0.00082,-2.764,1.081,2.127,1.316,0.637,0.111,1.427,0.539,-2.198,7.38E-03,2.84E-01,3.75E-02,1.93E-01,5.27E-01,9.12E-01,1.59E-01,5.92E-01,3.18E-02,1.95E-02,5.99E-01,3.35E-01,3.33E-01,8.96E-01,9.55E-01,3.58E-01,7.10E-01,1.36E-01
DDC,69,154,2,1,19,84.084,2.896,0.053,0.956,9.216,16.319,17.079,16.116,36.521,4.743E-20,2.35E-01,8.18E-01,3.28E-01,2.40E-03,5.35E-05,3.59E-05,5.96E-05,9.10E-03,5.26E-18,5.02E-01,8.82E-01,6.75E-01,3.80E-02,5.94E-03,4.98E-04,1.65E-03,0.009268894,69,154,1,1,19,60,66,-25.1202,0.2217,-0.0291,-0.0010,-0.2022,1.2095,0.0351,0.4696,0.0038,3.02829,0.16413,0.15454,0.00477,0.22868,0.44043,0.00961,0.12562,0.00106,-8.295,1.351,-0.189,-0.208,-0.884,2.746,3.654,3.738,3.632,7.85E-12,1.82E-01,8.51E-01,8.36E-01,3.80E-01,7.94E-03,5.44E-04,4.15E-04,5.84E-04,8.71E-10,5.99E-01,9.33E-01,9.01E-01,8.42E-01,2.26E-01,6.03E-02,9.22E-03,1.80E-02
DRD1,69,154,2,1,19,11.484,4.860,7.521,2.222,1.592,1.722,0.298,0.074,132.427,7.020E-04,8.81E-02,6.10E-03,1.36E-01,2.07E-01,1.89E-01,5.85E-01,7.86E-01,5.06E-19,2.05E-03,3.26E-01,1.58E-02,5.99E-01,3.83E-01,2.97E-01,6.69E-01,8.08E-01,8.77E-19,69,154,1,1,19,60,66,-4.3767,0.1116,-0.0478,-0.0056,-0.1386,0.2341,0.0052,0.0287,-0.0001,1.42783,0.07641,0.07129,0.00227,0.10281,0.20512,0.00437,0.05802,0.00049,-3.065,1.461,-0.671,-2.481,-1.348,1.141,1.187,0.494,-0.246,3.15E-03,1.49E-01,5.05E-01,1.59E-02,1.83E-01,2.58E-01,2.40E-01,6.23E-01,8.07E-01,1.13E-02,5.99E-01,8.36E-01,4.91E-02,8.42E-01,5.21E-01,4.05E-01,7.28E-01,8.29E-01
DRD2,69,154,2,1,19,16.247,7.352,28.133,2.978,2.125,4.199,0.431,0.463,58.356,5.558E-05,2.53E-02,1.13E-07,8.44E-02,1.45E-01,4.04E-02,5.12E-01,4.96E-01,7.02E-06,2.70E-04,2.41E-01,1.14E-06,5.69E-01,3.22E-01,1.23E-01,6.31E-01,5.99E-01,7.42E-06,69,154,1,1,19,60,66,-7.4592,-0.1371,-0.2495,-0.0156,-0.2328,0.3888,-0.0118,-0.0497,-0.0004,2.04585,0.10997,0.10268,0.00325,0.14917,0.29484,0.00637,0.08376,0.00071,-3.646,-1.247,-2.430,-4.798,-1.561,1.319,-1.854,-0.594,-0.616,5.26E-04,2.17E-01,1.81E-02,1.10E-05,1.24E-01,1.92E-01,6.87E-02,5.55E-01,5.41E-01,3.95E-03,5.99E-01,3.35E-01,1.86E-04,8.42E-01,4.74E-01,2.54E-01,6.99E-01,6.59E-01
DRD3,69,154,2,1,19,36.161,5.140,4.193,1.821,3.247,0.153,3.048,0.428,71.277,1.816E-09,7.66E-02,4.06E-02,1.77E-01,7.16E-02,6.96E-01,8.08E-02,5.13E-01,5.64E-08,6.72E-08,3.18E-01,8.19E-02,6.10E-01,2.06E-01,8.18E-01,1.97E-01,6.12E-01,6.38E-08,69,154,1,1,19,60,66,-16.3238,-0.1164,-0.3109,-0.0088,-0.2720,0.7082,-0.0034,0.1955,0.0006,3.00093,0.16219,0.15169,0.00476,0.22285,0.43452,0.00949,0.12382,0.00105,-5.440,-0.718,-2.050,-1.852,-1.221,1.630,-0.354,1.579,0.592,8.38E-07,4.76E-01,4.48E-02,6.89E-02,2.27E-01,1.08E-01,7.25E-01,1.20E-01,5.56E-01,4.65E-05,7.65E-01,3.35E-01,1.47E-01,8.42E-01,3.54E-01,8.56E-01,3.02E-01,6.71E-01
DRD4,69,154,2,1,19,15.100,12.471,12.499,1.619,1.324,0.596,24.433,12.880,84.505,1.019E-04,1.96E-03,4.07E-04,2.03E-01,2.50E-01,4.40E-01,7.69E-07,3.32E-04,3.07E-10,4.35E-04,4.95E-02,1.51E-03,6.44E-01,4.44E-01,5.62E-01,2.85E-05,5.56E-03,3.79E-10,69,154,1,1,19,60,66,-10.4003,-0.4658,-0.3470,-0.0150,-0.2552,-0.4469,0.0066,0.5475,-0.0034,2.95888,0.16021,0.15029,0.00468,0.22177,0.42948,0.00938,0.12245,0.00104,-3.515,-2.907,-2.309,-3.198,-1.151,-1.041,0.698,4.471,-3.246,8.00E-04,5.10E-03,2.44E-02,2.21E-03,2.54E-01,3.02E-01,4.88E-01,3.52E-05,1.92E-03,4.93E-03,2.03E-01,3.35E-01,9.82E-03,8.42E-01,5.56E-01,6.34E-01,3.39E-03,4.25E-02
DRD5,69,154,2,1,19,19.738,2.029,1.207,1.194,3.550,5.637,1.090,1.878,140.854,8.881E-06,3.63E-01,2.72E-01,2.75E-01,5.96E-02,1.76E-02,2.96E-01,1.71E-01,1.25E-20,8.21E-05,6.34E-01,3.87E-01,6.68E-01,1.89E-01,7.51E-02,4.68E-01,3.03E-01,2.37E-20,69,154,1,1,19,60,66,-8.7096,0.0400,0.1384,-0.0034,-0.1547,0.5310,0.0143,0.0833,0.0009,2.16729,0.11610,0.10835,0.00345,0.15650,0.31158,0.00666,0.08824,0.00074,-4.019,0.345,1.277,-0.994,-0.988,1.704,2.148,0.944,1.240,1.53E-04,7.32E-01,2.06E-01,3.24E-01,3.27E-01,9.35E-02,3.58E-02,3.49E-01,2.20E-01,2.02E-03,9.33E-01,7.17E-01,4.75E-01,8.42E-01,3.42E-01,2.24E-01,5.69E-01,4.24E-01
HTR1A,69,154,2,1,19,2.269,0.508,0.826,0.004,0.004,0.001,0.637,3.388,120.870,1.320E-01,7.76E-01,3.63E-01,9.48E-01,9.53E-01,9.75E-01,4.25E-01,6.57E-02,7.62E-17,1.82E-01,8.58E-01,4.75E-01,9.87E-01,9.61E-01,9.75E-01,5.64E-01,1.52E-01,1.16E-16,69,154,1,1,19,60,66,-2.9133,-0.0062,0.0607,-0.0028,-0.0091,0.0165,0.0002,0.0627,-0.0012,2.13833,0.11440,0.10672,0.00340,0.15386,0.30714,0.00654,0.08685,0.00073,-1.362,-0.054,0.569,-0.822,-0.059,0.054,0.028,0.722,-1.665,1.78E-01,9.57E-01,5.72E-01,4.14E-01,9.53E-01,9.57E-01,9.77E-01,4.73E-01,1.01E-01,2.56E-01,1.00E+00,8.66E-01,5.41E-01,9.94E-01,9.68E-01,9.77E-01,6.68E-01,2.64E-01
HTR1B,69,154,2,1,19,6.108,4.131,9.840,1.694,0.084,0.031,1.044,0.235,155.784,1.346E-02,1.27E-01,1.71E-03,1.93E-01,7.72E-01,8.60E-01,3.07E-01,6.28E-01,1.67E-23,2.58E-02,4.03E-01,5.57E-03,6.30E-01,8.75E-01,9.17E-01,4.68E-01,7.33E-01,3.43E-23,69,154,1,1,19,60,66,-3.7455,0.1597,0.0948,-0.0076,0.1431,0.0632,-0.0008,-0.0632,-0.0003,1.67543,0.08990,0.08392,0.00266,0.12156,0.24116,0.00519,0.06841,0.00058,-2.236,1.776,1.130,-2.837,1.177,0.262,-0.160,-0.924,-0.439,2.88E-02,8.08E-02,2.63E-01,6.19E-03,2.44E-01,7.94E-01,8.73E-01,3.59E-01,6.62E-01,5.70E-02,5.99E-01,7.81E-01,2.15E-02,8.42E-01,9.09E-01,9.32E-01,5.77E-01,7.74E-01
HTR1D,69,154,2,1,19,3.660,4.012,0.441,0.010,0.102,1.617,0.409,0.121,168.549,5.574E-02,1.34E-01,5.07E-01,9.20E-01,7.50E-01,2.04E-01,5.23E-01,7.28E-01,5.46E-26,8.84E-02,4.03E-01,6.25E-01,9.87E-01,8.69E-01,3.14E-01,6.37E-01,7.70E-01,1.33E-25,69,154,1,1,19,60,66,-4.3476,0.2007,0.1926,-0.0024,0.0165,-0.1044,-0.0089,0.0593,-0.0003,2.51239,0.13476,0.12579,0.00400,0.18208,0.36153,0.00777,0.10252,0.00087,-1.730,1.489,1.531,-0.600,0.091,-0.289,-1.150,0.578,-0.314,8.82E-02,1.42E-01,1.31E-01,5.51E-01,9.28E-01,7.74E-01,2.55E-01,5.65E-01,7.54E-01,1.51E-01,5.99E-01,5.85E-01,6.79E-01,9.94E-01,8.96E-01,4.10E-01,6.99E-01,8.08E-01
HTR1E,69,154,2,1,19,8.613,2.632,0.857,1.022,0.027,0.500,7.914,0.524,139.105,3.337E-03,2.68E-01,3.55E-01,3.12E-01,8.69E-01,4.79E-01,4.90E-03,4.69E-01,2.71E-20,6.99E-03,5.46E-01,4.69E-01,6.68E-01,9.45E-01,5.98E-01,2.37E-02,5.78E-01,4.92E-20,69,154,1,1,19,60,66,-4.1198,0.1108,0.0845,0.0021,-0.1028,-0.0334,0.0031,0.1611,-0.0003,1.55193,0.08322,0.07767,0.00247,0.11236,0.22326,0.00479,0.06329,0.00053,-2.655,1.332,1.088,0.837,-0.915,-0.150,0.640,2.545,-0.655,9.94E-03,1.88E-01,2.81E-01,4.06E-01,3.64E-01,8.81E-01,5.25E-01,1.35E-02,5.15E-01,2.45E-02,5.99E-01,7.81E-01,5.41E-01,8.42E-01,9.55E-01,6.54E-01,7.90E-02,6.35E-01
HTR1F,69,154,2,1,19,20.500,2.977,0.508,0.263,3.980,1.716,2.455,1.550,224.749,5.963E-06,2.26E-01,4.76E-01,6.08E-01,4.60E-02,1.90E-01,1.17E-01,2.13E-01,3.84E-37,7.42E-05,4.91E-01,5.94E-01,8.51E-01,1.60E-01,2.97E-01,2.47E-01,3.48E-01,1.58E-36,69,154,1,1,19,60,66,-6.9065,0.0066,-0.1184,0.0017,0.0565,0.4375,0.0061,0.0973,0.0007,1.68639,0.09032,0.08428,0.00268,0.12170,0.24240,0.00518,0.06863,0.00058,-4.095,0.073,-1.405,0.645,0.464,1.805,1.185,1.417,1.126,1.17E-04,9.42E-01,1.65E-01,5.22E-01,6.44E-01,7.61E-02,2.41E-01,1.62E-01,2.65E-01,2.02E-03,1.00E+00,6.55E-01,6.58E-01,9.29E-01,3.25E-01,4.05E-01,3.81E-01,4.50E-01
HTR2A,69,154,2,1,19,16.158,3.551,14.076,0.262,1.664,12.701,8.864,3.468,80.735,5.827E-05,1.69E-01,1.76E-04,6.09E-01,1.97E-01,3.65E-04,2.91E-03,6.26E-02,1.39E-09,2.70E-04,4.37E-01,7.50E-04,8.51E-01,3.83E-01,1.69E-02,1.70E-02,1.48E-01,1.68E-09,69,154,1,1,19,60,66,-4.6412,-0.0155,-0.1061,-0.0069,0.0436,0.2153,0.0130,0.1415,0.0008,1.27647,0.06887,0.06434,0.00203,0.09417,0.18452,0.00402,0.05254,0.00045,-3.636,-0.225,-1.649,-3.394,0.463,1.167,3.224,2.693,1.684,5.43E-04,8.23E-01,1.04E-01,1.23E-03,6.45E-01,2.48E-01,2.05E-03,9.16E-03,9.73E-02,3.95E-03,9.41E-01,5.27E-01,6.49E-03,9.29E-01,5.15E-01,1.14E-01,5.98E-02,2.64E-01
HTR2B,69,154,2,1,19,19.560,16.142,0.009,0.994,6.925,0.140,0.077,0.102,36.014,9.748E-06,3.12E-04,9.25E-01,3.19E-01,8.50E-03,7.08E-01,7.81E-01,7.49E-01,1.05E-02,8.32E-05,1.73E-02,9.51E-01,6.68E-01,6.87E-02,8.19E-01,8.34E-01,7.85E-01,0.010610423,69,154,1,1,19,60,66,-22.3199,-0.6808,-0.9796,-0.0008,-0.3683,1.9160,0.0059,0.0576,0.0006,5.57933,0.30031,0.28044,0.00887,0.40850,0.80492,0.01746,0.22890,0.00194,-4.000,-2.267,-3.493,-0.085,-0.902,2.380,0.338,0.252,0.289,1.62E-04,2.70E-02,9.03E-04,9.33E-01,3.71E-01,2.05E-02,7.36E-01,8.02E-01,7.73E-01,2.02E-03,5.35E-01,1.00E-01,9.58E-01,8.42E-01,2.26E-01,8.60E-01,8.63E-01,8.10E-01
HTR2C,69,154,2,1,19,14.185,4.447,0.171,0.440,0.283,0.571,5.000,0.649,64.924,1.657E-04,1.08E-01,6.79E-01,5.07E-01,5.95E-01,4.50E-01,2.53E-02,4.21E-01,6.28E-07,6.34E-04,3.82E-01,7.69E-01,7.96E-01,7.94E-01,5.67E-01,7.40E-02,5.30E-01,6.90E-07,69,154,1,1,19,60,66,-7.4741,-0.1556,-0.1974,-0.0013,0.0984,0.1530,0.0048,0.1835,-0.0006,2.19393,0.11874,0.11126,0.00347,0.16398,0.31822,0.00695,0.09072,0.00077,-3.407,-1.311,-1.775,-0.374,0.600,0.481,0.684,2.023,-0.729,1.12E-03,1.95E-01,8.10E-02,7.10E-01,5.51E-01,6.32E-01,4.97E-01,4.76E-02,4.69E-01,6.03E-03,5.99E-01,4.50E-01,8.12E-01,8.96E-01,8.55E-01,6.34E-01,1.55E-01,6.11E-01
HTR3A,69,154,2,1,19,3.278,1.734,0.210,0.479,1.230,0.035,0.096,0.705,94.659,7.023E-02,4.20E-01,6.47E-01,4.89E-01,2.67E-01,8.51E-01,7.57E-01,4.01E-01,4.91E-12,1.05E-01,6.90E-01,7.48E-01,7.87E-01,4.50E-01,9.17E-01,8.24E-01,5.30E-01,6.64E-12,69,154,1,1,19,60,66,-4.1448,-0.1590,-0.0837,-0.0017,-0.1153,-0.3657,0.0013,-0.0290,-0.0007,2.53106,0.13596,0.12694,0.00403,0.18420,0.36460,0.00787,0.10353,0.00088,-1.638,-1.170,-0.660,-0.414,-0.626,-1.003,0.170,-0.280,-0.759,1.06E-01,2.47E-01,5.12E-01,6.80E-01,5.34E-01,3.20E-01,8.66E-01,7.80E-01,4.51E-01,1.66E-01,5.99E-01,8.36E-01,7.94E-01,8.96E-01,5.64E-01,9.32E-01,8.49E-01,6.11E-01
HTR3B,69,154,2,1,19,8.364,1.434,1.379,2.060,0.012,0.005,0.060,0.274,115.879,3.828E-03,4.88E-01,2.40E-01,1.51E-01,9.11E-01,9.43E-01,8.07E-01,6.00E-01,6.51E-16,7.87E-03,7.13E-01,3.56E-01,5.99E-01,9.46E-01,9.69E-01,8.53E-01,7.09E-01,9.50E-16,69,154,1,1,19,60,66,-4.8880,0.0512,0.1009,0.0032,-0.1757,0.0270,-0.0004,0.0169,0.0003,1.86853,0.10021,0.09353,0.00297,0.13534,0.26884,0.00577,0.07622,0.00064,-2.616,0.511,1.079,1.062,-1.298,0.101,-0.065,0.221,0.474,1.10E-02,6.11E-01,2.85E-01,2.92E-01,1.99E-01,9.20E-01,9.48E-01,8.25E-01,6.37E-01,2.57E-02,8.81E-01,7.81E-01,4.45E-01,8.42E-01,9.55E-01,9.77E-01,8.73E-01,7.53E-01
HTR4,69,154,2,1,19,11.014,0.347,0.032,0.260,0.017,3.715,0.001,1.563,77.215,9.044E-04,8.41E-01,8.59E-01,6.10E-01,8.96E-01,5.39E-02,9.72E-01,2.11E-01,5.59E-09,2.56E-03,8.89E-01,9.08E-01,8.51E-01,9.45E-01,1.33E-01,9.72E-01,3.48E-01,6.60E-09,69,154,1,1,19,60,66,-4.6313,0.0168,0.0414,0.0004,-0.0525,0.0262,0.0085,0.0020,-0.0006,1.54281,0.08324,0.07777,0.00245,0.11382,0.22301,0.00486,0.06350,0.00054,-3.002,0.202,0.533,0.161,-0.461,0.118,1.744,0.031,-1.131,3.79E-03,8.41E-01,5.96E-01,8.73E-01,6.46E-01,9.07E-01,8.64E-02,9.75E-01,2.63E-01,1.26E-02,9.52E-01,8.66E-01,9.22E-01,9.29E-01,9.55E-01,2.59E-01,9.75E-01,4.50E-01
HTR5A,69,154,2,1,19,9.985,5.120,0.105,0.096,0.384,0.444,1.796,2.917,35.460,1.578E-03,7.73E-02,7.46E-01,7.57E-01,5.35E-01,5.05E-01,1.80E-01,8.77E-02,1.23E-02,3.98E-03,3.18E-01,8.32E-01,9.04E-01,7.34E-01,6.23E-01,3.39E-01,1.99E-01,0.012285837,69,154,1,1,19,60,66,-4.3208,0.1217,0.1416,-0.0007,-0.0310,0.1223,0.0029,-0.0752,-0.0008,1.51169,0.08137,0.07599,0.00240,0.11070,0.21810,0.00473,0.06202,0.00053,-2.858,1.496,1.864,-0.294,-0.280,0.561,0.603,-1.212,-1.545,5.69E-03,1.40E-01,6.72E-02,7.70E-01,7.81E-01,5.77E-01,5.49E-01,2.30E-01,1.28E-01,1.71E-02,5.99E-01,4.15E-01,8.63E-01,9.48E-01,7.91E-01,6.77E-01,4.64E-01,2.89E-01
HTR6,69,154,2,1,19,19.406,3.063,1.430,1.417,0.617,1.998,1.552,4.751,75.738,1.057E-05,2.16E-01,2.32E-01,2.34E-01,4.32E-01,1.58E-01,2.13E-01,2.93E-02,9.98E-09,8.38E-05,4.91E-01,3.48E-01,6.68E-01,6.18E-01,2.71E-01,3.86E-01,8.99E-02,1.15E-08,69,154,1,1,19,60,66,-10.1964,-0.2100,-0.1278,-0.0044,0.2052,0.2635,0.0104,0.1191,-0.0018,2.55892,0.13840,0.12953,0.00406,0.19061,0.37082,0.00810,0.10569,0.00090,-3.985,-1.518,-0.987,-1.082,1.077,0.710,1.278,1.127,-1.972,1.71E-04,1.34E-01,3.28E-01,2.84E-01,2.86E-01,4.80E-01,2.06E-01,2.64E-01,5.33E-02,2.02E-03,5.99E-01,7.91E-01,4.37E-01,8.42E-01,6.93E-01,3.83E-01,5.01E-01,1.83E-01
HTR7,69,154,2,1,19,13.708,0.475,0.869,2.066,0.911,6.878,6.724,4.711,60.814,2.135E-04,7.89E-01,3.51E-01,1.51E-01,3.40E-01,8.73E-03,9.51E-03,3.00E-02,2.87E-06,7.90E-04,8.58E-01,4.69E-01,5.99E-01,5.31E-01,6.92E-02,3.64E-02,8.99E-02,3.07E-06,69,154,1,1,19,60,66,-8.4543,-0.0711,0.0153,-0.0034,0.2432,0.3154,0.0189,-0.2441,-0.0017,2.52433,0.13635,0.12747,0.00401,0.18703,0.36530,0.00798,0.10407,0.00088,-3.349,-0.521,0.120,-0.843,1.300,0.863,2.372,-2.346,-1.963,1.34E-03,6.04E-01,9.05E-01,4.03E-01,1.99E-01,3.91E-01,2.09E-02,2.23E-02,5.43E-02,6.21E-03,8.81E-01,9.48E-01,5.41E-01,8.42E-01,6.30E-01,2.24E-01,1.08E-01,1.83E-01
MAOA,69,154,2,1,19,0.929,0.978,0.419,0.118,0.953,5.698,13.052,0.639,133.456,3.351E-01,6.13E-01,5.17E-01,7.31E-01,3.29E-01,1.70E-02,3.03E-04,4.24E-01,3.22E-19,4.04E-01,7.89E-01,6.31E-01,9.03E-01,5.29E-01,7.51E-02,2.59E-03,5.30E-01,5.68E-19,69,154,1,1,19,60,66,1.2742,0.0585,0.0545,-0.0014,-0.0330,-0.1857,-0.0098,-0.1949,0.0004,1.46131,0.07839,0.07317,0.00232,0.10594,0.21029,0.00452,0.05964,0.00050,0.872,0.747,0.745,-0.586,-0.311,-0.883,-2.159,-3.268,0.723,3.86E-01,4.58E-01,4.59E-01,5.60E-01,7.57E-01,3.81E-01,3.49E-02,1.80E-03,4.73E-01,4.87E-01,7.59E-01,8.32E-01,6.84E-01,9.48E-01,6.22E-01,2.24E-01,2.21E-02,6.11E-01
MAOB,69,154,2,1,19,0.954,5.933,2.863,1.878,0.989,4.625,0.723,2.478,89.643,3.288E-01,5.15E-02,9.06E-02,1.71E-01,3.20E-01,3.15E-02,3.95E-01,1.15E-01,3.84E-11,4.01E-01,3.01E-01,1.65E-01,6.10E-01,5.22E-01,1.07E-01,5.47E-01,2.51E-01,4.84E-11,69,154,1,1,19,60,66,1.8137,0.1360,0.2219,0.0050,-0.1836,-0.2655,-0.0123,-0.0643,-0.0010,2.05332,0.10996,0.10261,0.00326,0.14815,0.29513,0.00630,0.08355,0.00070,0.883,1.237,2.163,1.531,-1.240,-0.900,-1.945,-0.769,-1.424,3.80E-01,2.21E-01,3.46E-02,1.31E-01,2.20E-01,3.72E-01,5.64E-02,4.45E-01,1.60E-01,4.85E-01,5.99E-01,3.35E-01,2.47E-01,8.42E-01,6.16E-01,2.24E-01,6.51E-01,3.54E-01
SLC18A2,69,154,2,1,19,9.922,0.646,3.729,5.535,0.258,1.989,1.111,0.637,76.807,1.634E-03,7.24E-01,5.35E-02,1.86E-02,6.11E-01,1.58E-01,2.92E-01,4.25E-01,6.56E-09,4.03E-03,8.37E-01,1.04E-01,3.45E-01,7.94E-01,2.71E-01,4.68E-01,5.30E-01,7.67E-09,69,154,1,1,19,60,66,-8.9452,0.1223,0.0292,-0.0087,-0.4962,0.2090,-0.0127,-0.1235,-0.0008,3.13952,0.16968,0.15869,0.00498,0.23314,0.45459,0.00993,0.12954,0.00110,-2.849,0.721,0.184,-1.747,-2.128,0.460,-1.276,-0.953,-0.722,5.84E-03,4.74E-01,8.55E-01,8.58E-02,3.74E-02,6.47E-01,2.07E-01,3.44E-01,4.73E-01,1.71E-02,7.65E-01,9.33E-01,1.73E-01,8.40E-01,8.56E-01,3.83E-01,5.69E-01,6.11E-01
SLC6A4,69,154,2,1,19,14.387,1.785,0.000,0.058,0.101,1.808,5.984,2.193,38.544,1.488E-04,4.10E-01,9.84E-01,8.09E-01,7.51E-01,1.79E-01,1.44E-02,1.39E-01,5.06E-03,6.12E-04,6.89E-01,9.93E-01,9.45E-01,8.69E-01,2.88E-01,4.71E-02,2.70E-01,0.005197411,69,154,1,1,19,60,66,-11.3228,-0.1596,-0.1820,0.0001,0.0537,-0.1372,0.0127,0.3018,-0.0015,3.30005,0.17856,0.16725,0.00523,0.24637,0.47850,0.01046,0.13640,0.00116,-3.431,-0.894,-1.088,0.019,0.218,-0.287,1.216,2.213,-1.340,1.04E-03,3.75E-01,2.81E-01,9.85E-01,8.28E-01,7.75E-01,2.29E-01,3.07E-02,1.85E-01,6.03E-03,6.93E-01,7.81E-01,9.94E-01,9.78E-01,8.96E-01,4.03E-01,1.26E-01,3.94E-01
TH,69,154,2,1,19,8.961,1.435,15.306,3.497,0.021,5.866,0.306,2.281,70.143,2.759E-03,4.88E-01,9.14E-05,6.15E-02,8.85E-01,1.54E-02,5.80E-01,1.31E-01,8.71E-08,6.10E-03,7.13E-01,4.41E-04,5.59E-01,9.45E-01,7.51E-02,6.69E-01,2.64E-01,9.77E-08,69,154,1,1,19,60,66,-6.8398,-0.0559,0.0973,-0.0142,0.3123,-0.0476,0.0173,-0.0519,-0.0012,2.52611,0.13589,0.12689,0.00402,0.18463,0.36428,0.00789,0.10355,0.00088,-2.708,-0.411,0.767,-3.539,1.692,-0.131,2.191,-0.501,-1.366,8.62E-03,6.82E-01,4.46E-01,7.83E-04,9.59E-02,8.97E-01,3.24E-02,6.18E-01,1.77E-01,2.21E-02,9.12E-01,8.32E-01,5.11E-03,8.42E-01,9.55E-01,2.24E-01,7.28E-01,3.85E-01